#Energy	dxy	dyz	dz2	dxz	dx2
-23.18693	0	0	0	0	0
-23.17593	0	0	0	0	0
-23.16493	0	0	0	0	0
-23.15393	0	0	0	0	0
-23.14393	0	0	0	0	0
-23.13293	0	0	0	0	0
-23.12193	0	0	0	0	0
-23.11093	0	0	0	0	0
-23.09993	0	0	0	0	0
-23.08993	0	0	0	0	0
-23.07893	0	0	0	0	0
-23.06793	0	0	0	0	0
-23.05693	0	0	0	0	0
-23.04593	0	0	0	0	0
-23.03593	0	0	0	0	0
-23.02493	0	0	0	0	0
-23.01393	0	0	0	0	0
-23.00293	0	0	0	0	0
-22.99193	0	0	0	0	0
-22.98193	0	0	0	0	0
-22.97093	0	0	0	0	0
-22.95993	0	0	0	0	0
-22.94893	0	0	0	0	0
-22.93893	0	0	0	0	0
-22.92793	0	0	0	0	0
-22.91693	0	0	0	0	0
-22.90593	0	0	0	0	0
-22.89493	0	0	0	0	0
-22.88493	0	0	0	0	0
-22.87393	0	0	0	0	0
-22.86293	0	0	0	0	0
-22.85193	0	0	0	0	0
-22.84093	0	0	0	0	0
-22.83093	0	0	0	0	0
-22.81993	0	0	0	0	0
-22.80893	0	0	0	0	0
-22.79793	0	0	0	0	0
-22.78693	0	0	0	0	0
-22.77693	0	0	0	0	0
-22.76593	0	0	0	0	0
-22.75493	0	0	0	0	0
-22.74393	0	0	0	0	0
-22.73393	0	0	0	0	0
-22.72293	0	0	0	0	0
-22.71193	0	0	0	0	0
-22.70093	0	0	0	0	0
-22.68993	0	0	0	0	0
-22.67993	0	0	0	0	0
-22.66893	0	0	0	0	0
-22.65793	0	0	0	0	0
-22.64693	0	0	0	0	0
-22.63593	0	0	0	0	0
-22.62593	0	0	0	0	0
-22.61493	0	0	0	0	0
-22.60393	0	0	0	0	0
-22.59293	0	0	0	0	0
-22.58193	0	0	0	0	0
-22.57193	0	0	0	0	0
-22.56093	0	0	0	0	0
-22.54993	0	0	0	0	0
-22.53893	0	0	0	0	0
-22.52893	0	0	0	0	0
-22.51793	0	0	0	0	0
-22.50693	0	0	0	0	0
-22.49593	0	0	0	0	0
-22.48493	0	0	0	0	0
-22.47493	0	0	0	0	0
-22.46393	0	0	0	0	0
-22.45293	0	0	0	0	0
-22.44193	0	0	0	0	0
-22.43093	0	0	0	0	0
-22.42093	0	0	0	0	0
-22.40993	0	0	0	0	0
-22.39893	0	0	0	0	0
-22.38793	0	0	0	0	0
-22.37693	0	0	0	0	0
-22.36693	0	0	0	0	0
-22.35593	0	0	0	0	0
-22.34493	0	0	0	0	0
-22.33393	0	0	0	0	0
-22.32393	0	0	0	0	0
-22.31293	0	0	0	0	0
-22.30193	0	0	0	0	0
-22.29093	0	0	0	0	0
-22.27993	0	0	0	0	0
-22.26993	0	0	0	0	0
-22.25893	0	0	0	0	0
-22.24793	0	0	0	0	0
-22.23693	0	0	0	0	0
-22.22593	0	0	0	0	0
-22.21593	0	0	0	0	0
-22.20493	0	0	0	0	0
-22.19393	0	0	0	0	0
-22.18293	0	0	0	0	0
-22.17193	0	0	0	0	0
-22.16193	0	0	0	0	0
-22.15093	0	0	0	0	0
-22.13993	0	0	0	0	0
-22.12893	0	0	0	0	0
-22.11893	0	0	0	0	0
-22.10793	0	0	0	0	0
-22.09693	0	0	0	0	0
-22.08593	0	0	0	0	0
-22.07493	0	0	0	0	0
-22.06493	0	0	0	0	0
-22.05393	0	0	0	0	0
-22.04293	0	0	0	0	0
-22.03193	0	0	0	0	0
-22.02093	0	0	0	0	0
-22.01093	0	0	0	0	0
-21.99993	0	0	0	0	0
-21.98893	0	0	0	0	0
-21.97793	0	0	0	0	0
-21.96693	0	0	0	0	0
-21.95693	0	0	0	0	0
-21.94593	0	0	0	0	0
-21.93493	0	0	0	0	0
-21.92393	0	0	0	0	0
-21.91393	0	0	0	0	0
-21.90293	0	0	0	0	0
-21.89193	0	0	0	0	0
-21.88093	0	0	0	0	0
-21.86993	0	0	0	0	0
-21.85993	0	0	0	0	0
-21.84893	0	0	-1E-5	0	0
-21.83793	0	0	-2E-5	0	0
-21.82693	0	0	-6E-5	0	0
-21.81593	0	0	-1.7E-4	0	0
-21.80593	0	0	-4E-4	0	0
-21.79493	0	0	-8.6E-4	0	0
-21.78393	0	0	-0.00169	0	0
-21.77293	0	0	-0.00305	0	0
-21.76293	0	0	-0.005	0	0
-21.75193	0	0	-0.00749	0	0
-21.74093	0	0	-0.01022	0	0
-21.72993	0	0	-0.01271	0	0
-21.71893	0	0	-0.01442	0	0
-21.70893	0	0	-0.01491	0	0
-21.69793	0	0	-0.01406	0	0
-21.68693	0	0	-0.01209	0	0
-21.67593	0	0	-0.00947	0	0
-21.66493	0	0	-0.00677	0	0
-21.65493	0	0	-0.00441	0	0
-21.64393	0	0	-0.00262	0	0
-21.63293	0	0	-0.00142	0	0
-21.62193	0	0	-7E-4	0	0
-21.61093	0	0	-3.2E-4	0	0
-21.60093	0	0	-1.3E-4	0	0
-21.58993	0	0	-5E-5	0	0
-21.57893	0	0	-2E-5	0	0
-21.56793	0	0	-1E-5	0	0
-21.55793	0	0	0	0	0
-21.54693	0	0	0	0	0
-21.53593	0	0	0	0	0
-21.52493	0	0	0	0	0
-21.51393	0	0	0	0	0
-21.50393	0	0	0	0	0
-21.49293	0	0	0	0	0
-21.48193	0	0	0	0	0
-21.47093	0	0	0	0	0
-21.45993	0	0	0	0	0
-21.44993	0	0	0	0	0
-21.43893	0	0	0	0	0
-21.42793	0	0	0	0	0
-21.41693	0	-1E-5	0	-1E-5	0
-21.40593	0	-2E-5	0	-1E-5	0
-21.39593	0	-3E-5	0	-3E-5	0
-21.38493	0	-5E-5	0	-5E-5	0
-21.37393	0	-8E-5	0	-7E-5	0
-21.36293	0	-1.1E-4	0	-1.1E-4	0
-21.35293	0	-1.5E-4	0	-1.4E-4	0
-21.34193	0	-1.8E-4	0	-1.7E-4	0
-21.33093	0	-2E-4	0	-1.9E-4	0
-21.31993	0	-1.9E-4	0	-2E-4	0
-21.30893	0	-1.8E-4	0	-1.8E-4	0
-21.29893	0	-1.5E-4	0	-1.5E-4	0
-21.28793	0	-1.1E-4	0	-1.2E-4	0
-21.27693	0	-8E-5	0	-8E-5	0
-21.26593	0	-5E-5	0	-5E-5	0
-21.25493	0	-3E-5	0	-3E-5	0
-21.24493	0	-1E-5	0	-2E-5	0
-21.23393	0	-1E-5	0	-1E-5	0
-21.22293	0	0	0	0	0
-21.21193	0	0	0	0	0
-21.20093	0	0	0	0	0
-21.19093	0	0	0	0	0
-21.17993	0	0	0	0	0
-21.16893	0	0	0	0	0
-21.15793	0	0	0	0	0
-21.14793	0	0	0	0	0
-21.13693	0	0	0	0	0
-21.12593	0	0	0	0	0
-21.11493	0	0	0	0	0
-21.10393	0	0	0	0	0
-21.09393	0	0	0	0	0
-21.08293	0	0	0	0	0
-21.07193	0	0	0	0	0
-21.06093	0	0	0	0	0
-21.04993	0	0	0	0	0
-21.03993	0	0	0	0	0
-21.02893	0	0	0	0	0
-21.01793	0	0	0	0	0
-21.00693	0	0	0	0	0
-20.99593	0	0	0	0	0
-20.98593	0	0	0	0	0
-20.97493	0	0	0	0	0
-20.96393	0	0	0	0	0
-20.95293	0	0	0	0	0
-20.94293	0	0	0	0	0
-20.93193	0	0	0	0	0
-20.92093	0	0	0	0	0
-20.90993	0	0	0	0	0
-20.89893	0	0	0	0	0
-20.88893	0	0	0	0	0
-20.87793	0	0	0	0	0
-20.86693	0	0	0	0	0
-20.85593	0	0	0	0	0
-20.84493	0	0	0	0	0
-20.83493	0	0	0	0	0
-20.82393	0	0	0	0	0
-20.81293	0	0	0	0	0
-20.80193	0	0	0	0	0
-20.79093	0	0	0	0	0
-20.78093	0	0	0	0	0
-20.76993	0	0	0	0	0
-20.75893	0	0	0	0	0
-20.74793	0	0	0	0	0
-20.73793	0	0	0	0	0
-20.72693	0	0	0	0	0
-20.71593	0	0	0	0	0
-20.70493	0	0	0	0	0
-20.69393	0	0	0	0	0
-20.68393	0	0	0	0	0
-20.67293	0	0	0	0	-1E-5
-20.66193	-1E-5	0	0	0	-2E-5
-20.65093	-3E-5	0	0	0	-6E-5
-20.63993	-9E-5	0	0	0	-1.8E-4
-20.62993	-2.4E-4	0	0	0	-4.6E-4
-20.61893	-5.6E-4	0	0	0	-0.00107
-20.60793	-0.0012	0	0	0	-0.00229
-20.59693	-0.00233	0	0	0	-0.00444
-20.58593	-0.00413	0	0	0	-0.00785
-20.57593	-0.00667	0	0	0	-0.01268
-20.56493	-0.00981	0	0	0	-0.01865
-20.55393	-0.01316	0	0	0	-0.02502
-20.54293	-0.0161	0	0	0	-0.03061
-20.53293	-0.01795	0	0	0	-0.03414
-20.52193	-0.01826	0	0	0	-0.03471
-20.51093	-0.01692	0	0	0	-0.03218
-20.49993	-0.0143	0	0	0	-0.0272
-20.48893	-0.01102	0	0	0	-0.02096
-20.47893	-0.00775	0	0	0	-0.01473
-20.46793	-0.00496	0	0	0	-0.00943
-20.45693	-0.0029	0	0	0	-0.00551
-20.44593	-0.00154	0	0	0	-0.00293
-20.43493	-7.5E-4	0	0	0	-0.00142
-20.42493	-3.3E-4	0	0	0	-6.3E-4
-20.41393	-1.3E-4	0	0	0	-2.5E-4
-20.40293	-5E-5	0	0	0	-9E-5
-20.39193	-2E-5	0	0	0	-3E-5
-20.38093	-1E-5	0	0	0	-1E-5
-20.37093	0	0	0	0	0
-20.35993	0	0	0	0	0
-20.34893	0	0	0	0	0
-20.33793	0	0	0	0	0
-20.32793	0	0	0	0	0
-20.31693	0	0	0	0	0
-20.30593	-1E-5	0	0	0	0
-20.29493	-2E-5	0	0	0	-1E-5
-20.28393	-4E-5	0	0	0	-2E-5
-20.27393	-9E-5	0	0	0	-4E-5
-20.26293	-1.9E-4	0	0	0	-8E-5
-20.25193	-3.7E-4	0	0	0	-1.5E-4
-20.24093	-6.4E-4	0	0	0	-2.7E-4
-20.22993	-0.00102	0	0	0	-4.3E-4
-20.21993	-0.00148	0	0	0	-6.2E-4
-20.20893	-0.00195	0	0	0	-8.2E-4
-20.19793	-0.00235	0	0	0	-9.9E-4
-20.18693	-0.00259	0	0	0	-0.00109
-20.17593	-0.00259	0	0	0	-0.00109
-20.16593	-0.00237	0	0	0	-9.9E-4
-20.15493	-0.00197	0	0	0	-8.3E-4
-20.14393	-0.0015	0	0	0	-6.3E-4
-20.13293	-0.00104	0	0	0	-4.4E-4
-20.12293	-6.6E-4	0	0	0	-2.7E-4
-20.11193	-3.8E-4	0	0	0	-1.6E-4
-20.10093	-2E-4	0	0	0	-8E-5
-20.08993	-9E-5	0	0	0	-4E-5
-20.07893	-4E-5	0	0	0	-2E-5
-20.06893	-2E-5	0	0	0	-1E-5
-20.05793	-1E-5	0	0	0	0
-20.04693	0	0	0	0	0
-20.03593	0	0	0	0	0
-20.02493	0	0	0	0	0
-20.01493	0	0	0	0	0
-20.00393	0	0	0	0	0
-19.99293	0	0	0	0	0
-19.98193	0	0	0	0	0
-19.97093	0	0	0	0	0
-19.96093	0	0	0	0	0
-19.94993	0	0	0	0	0
-19.93893	0	0	0	0	0
-19.92793	0	0	0	0	0
-19.91793	0	0	0	0	0
-19.90693	0	0	0	0	0
-19.89593	0	0	0	0	0
-19.88493	0	0	0	0	0
-19.87393	0	0	0	0	0
-19.86393	0	0	0	0	0
-19.85293	0	0	0	0	0
-19.84193	0	0	0	0	0
-19.83093	0	0	0	0	0
-19.81993	0	0	0	0	0
-19.80993	0	0	0	0	0
-19.79893	0	0	0	0	0
-19.78793	0	0	0	0	0
-19.77693	0	0	0	0	0
-19.76593	0	0	0	0	0
-19.75593	0	0	0	0	0
-19.74493	0	0	0	0	0
-19.73393	0	0	0	0	0
-19.72293	0	0	0	0	0
-19.71293	0	0	0	0	0
-19.70193	0	0	0	0	0
-19.69093	0	0	0	0	0
-19.67993	0	0	0	0	0
-19.66893	0	0	0	0	0
-19.65893	0	0	0	0	0
-19.64793	0	0	0	0	0
-19.63693	0	0	0	0	0
-19.62593	0	0	0	0	0
-19.61493	0	0	0	0	0
-19.60493	0	0	0	0	0
-19.59393	0	0	0	0	0
-19.58293	0	0	0	0	0
-19.57193	0	0	0	0	0
-19.56093	0	0	0	0	0
-19.55093	0	0	0	0	0
-19.53993	0	0	0	0	0
-19.52893	0	0	0	0	0
-19.51793	0	0	0	0	0
-19.50793	0	0	0	0	0
-19.49693	0	0	0	0	0
-19.48593	0	0	0	0	0
-19.47493	0	0	0	0	0
-19.46393	0	0	0	0	0
-19.45393	0	0	0	0	0
-19.44293	0	0	0	0	0
-19.43193	0	0	0	0	0
-19.42093	0	0	0	0	0
-19.40993	0	0	0	0	0
-19.39993	0	0	0	0	0
-19.38893	0	0	0	0	0
-19.37793	0	0	0	0	0
-19.36693	0	0	0	0	0
-19.35593	0	0	0	0	0
-19.34593	0	0	0	0	0
-19.33493	0	0	0	0	0
-19.32393	0	0	0	0	0
-19.31293	0	0	0	0	0
-19.30293	0	0	0	0	0
-19.29193	0	0	0	0	0
-19.28093	0	0	0	0	0
-19.26993	0	0	0	0	0
-19.25893	0	0	0	0	0
-19.24893	0	0	0	0	0
-19.23793	0	0	0	0	0
-19.22693	0	0	0	0	0
-19.21593	0	0	0	0	0
-19.20493	0	0	0	0	0
-19.19493	0	0	0	0	0
-19.18393	0	0	0	0	0
-19.17293	0	0	0	0	0
-19.16193	0	0	0	0	0
-19.15093	0	0	0	0	0
-19.14093	0	0	0	0	0
-19.12993	0	-1E-5	0	-1E-5	0
-19.11893	0	-1E-5	0	-1E-5	0
-19.10793	0	-2E-5	0	-2E-5	0
-19.09793	0	-3E-5	0	-3E-5	0
-19.08693	0	-4E-5	0	-4E-5	0
-19.07593	0	-4E-5	0	-5E-5	0
-19.06493	0	-5E-5	0	-5E-5	0
-19.05393	0	-5E-5	0	-6E-5	0
-19.04393	0	-5E-5	0	-6E-5	0
-19.03293	0	-5E-5	0	-5E-5	0
-19.02193	0	-4E-5	0	-4E-5	0
-19.01093	0	-3E-5	0	-3E-5	0
-18.99993	0	-2E-5	0	-2E-5	0
-18.98993	0	-1E-5	0	-1E-5	0
-18.97893	0	-1E-5	0	-1E-5	0
-18.96793	0	0	0	0	0
-18.95693	0	0	0	0	0
-18.94593	0	0	0	0	0
-18.93593	0	0	0	0	0
-18.92493	0	0	0	0	0
-18.91393	0	0	0	0	0
-18.90293	0	0	0	0	0
-18.89293	0	0	-1E-5	0	0
-18.88193	0	0	-1E-5	0	0
-18.87093	0	0	-1E-5	0	0
-18.85993	0	0	-1E-5	0	0
-18.84893	0	0	-1E-5	0	0
-18.83893	0	0	-1E-5	0	0
-18.82793	0	0	-1E-5	0	0
-18.81693	0	0	-1E-5	0	0
-18.80593	0	0	-1E-5	0	0
-18.79493	0	0	-1E-5	0	0
-18.78493	0	0	-2E-5	0	0
-18.77393	0	0	-2E-5	0	0
-18.76293	0	0	-3E-5	0	0
-18.75193	0	0	-3E-5	0	0
-18.74093	0	0	-3E-5	0	0
-18.73093	0	0	-3E-5	0	0
-18.71993	0	0	-3E-5	0	0
-18.70893	0	0	-3E-5	0	0
-18.69793	0	0	-3E-5	0	0
-18.68793	0	0	-2E-5	0	0
-18.67693	0	0	-2E-5	0	0
-18.66593	0	0	-3E-5	0	0
-18.65493	0	0	-3E-5	0	0
-18.64393	0	0	-3E-5	0	0
-18.63393	0	0	-4E-5	0	0
-18.62293	0	0	-3E-5	0	0
-18.61193	0	0	-3E-5	0	0
-18.60093	0	0	-2E-5	0	0
-18.58993	0	0	-2E-5	0	0
-18.57993	0	0	-1E-5	0	0
-18.56893	0	0	-1E-5	0	0
-18.55793	0	0	0	0	0
-18.54693	0	0	0	0	0
-18.53693	0	0	0	0	0
-18.52593	0	0	0	0	0
-18.51493	0	0	0	0	0
-18.50393	0	0	0	0	0
-18.49293	0	0	0	0	0
-18.48293	0	0	0	0	0
-18.47193	0	0	0	0	0
-18.46093	0	0	-1E-5	0	-1E-5
-18.44993	0	0	-1E-5	0	-1E-5
-18.43893	0	0	-1E-5	0	-1E-5
-18.42893	0	0	-1E-5	0	-1E-5
-18.41793	-1E-5	0	-2E-5	0	-1E-5
-18.40693	-1E-5	0	-3E-5	0	-1E-5
-18.39593	-1E-5	0	-5E-5	0	-2E-5
-18.38493	-1E-5	0	-1E-4	0	-2E-5
-18.37493	-1E-5	0	-1.9E-4	0	-2E-5
-18.36393	-1E-5	0	-3.7E-4	0	-2E-5
-18.35293	-1E-5	0	-6.6E-4	0	-3E-5
-18.34193	-1E-5	0	-0.00109	0	-3E-5
-18.33193	-1E-5	0	-0.00166	0	-2E-5
-18.32093	-1E-5	0	-0.00232	0	-2E-5
-18.30993	-1E-5	0	-0.00297	0	-2E-5
-18.29893	-1E-5	0	-0.00347	0	-1E-5
-18.28793	0	0	-0.00371	0	-1E-5
-18.27793	0	0	-0.00361	0	0
-18.26693	0	0	-0.00321	0	0
-18.25593	0	0	-0.0026	0	0
-18.24493	0	0	-0.00192	0	0
-18.23393	0	0	-0.00129	0	0
-18.22393	0	0	-8E-4	0	0
-18.21293	0	0	-4.5E-4	0	0
-18.20193	0	0	-2.3E-4	0	0
-18.19093	0	0	-1.1E-4	0	0
-18.17993	0	0	-5E-5	0	0
-18.16993	0	0	-2E-5	0	0
-18.15893	0	0	-1E-5	0	0
-18.14793	0	0	0	0	0
-18.13693	0	0	0	0	0
-18.12693	0	0	0	0	0
-18.11593	0	0	0	0	0
-18.10493	0	0	-1E-5	0	0
-18.09393	0	0	-2E-5	0	0
-18.08293	0	0	-3E-5	0	0
-18.07293	0	0	-7E-5	0	0
-18.06193	0	0	-1.3E-4	0	-1E-5
-18.05093	-1E-5	0	-2.4E-4	0	-1E-5
-18.03993	-2E-5	0	-4.2E-4	0	-3E-5
-18.02893	-4E-5	0	-6.9E-4	0	-8E-5
-18.01893	-9E-5	0	-0.00109	0	-1.8E-4
-18.00793	-2E-4	-1E-5	-0.00167	-1E-5	-3.8E-4
-17.99693	-4E-4	-1E-5	-0.00249	-1E-5	-7.5E-4
-17.98593	-7.4E-4	-2E-5	-0.00364	-2E-5	-0.00137
-17.97493	-0.00124	-4E-5	-0.00514	-3E-5	-0.00232
-17.96493	-0.00194	-5E-5	-0.00695	-5E-5	-0.00361
-17.95393	-0.00279	-7E-5	-0.00889	-6E-5	-0.00521
-17.94293	-0.00374	-8E-5	-0.01063	-8E-5	-0.00697
-17.93193	-0.00466	-9E-5	-0.01182	-9E-5	-0.00868
-17.92193	-0.0054	-9E-5	-0.01216	-9E-5	-0.01005
-17.91093	-0.00583	-9E-5	-0.0116	-9E-5	-0.01084
-17.89993	-0.00588	-8E-5	-0.01026	-8E-5	-0.01092
-17.88893	-0.00554	-7E-5	-0.00848	-7E-5	-0.01028
-17.87793	-0.00488	-5E-5	-0.00659	-6E-5	-0.00907
-17.86793	-0.00405	-4E-5	-0.00488	-4E-5	-0.00753
-17.85693	-0.00317	-3E-5	-0.00347	-3E-5	-0.0059
-17.84593	-0.00236	-2E-5	-0.00241	-2E-5	-0.00441
-17.83493	-0.00168	-1E-5	-0.00164	-2E-5	-0.00315
-17.82393	-0.00115	-1E-5	-0.00113	-1E-5	-0.00216
-17.81393	-7.6E-4	-1E-5	-8.2E-4	-1E-5	-0.00143
-17.80293	-4.8E-4	-1E-5	-6.9E-4	-1E-5	-9.1E-4
-17.79193	-2.9E-4	0	-7.1E-4	-1E-5	-5.5E-4
-17.78093	-1.8E-4	0	-8.4E-4	0	-3.3E-4
-17.76993	-1.1E-4	0	-0.00104	0	-2.1E-4
-17.75993	-8E-5	0	-0.00124	0	-1.6E-4
-17.74893	-8E-5	0	-0.0014	0	-1.5E-4
-17.73793	-1E-4	0	-0.00149	0	-1.8E-4
-17.72693	-1.3E-4	0	-0.00147	0	-2.2E-4
-17.71693	-1.6E-4	0	-0.00137	0	-2.7E-4
-17.70593	-1.8E-4	0	-0.0012	0	-3.2E-4
-17.69493	-2E-4	0	-0.001	0	-3.4E-4
-17.68393	-2E-4	0	-8E-4	0	-3.4E-4
-17.67293	-1.8E-4	0	-6.1E-4	0	-3.2E-4
-17.66293	-1.6E-4	0	-4.5E-4	0	-2.8E-4
-17.65193	-1.4E-4	0	-3.3E-4	0	-2.4E-4
-17.64093	-1.2E-4	0	-2.4E-4	0	-2E-4
-17.62993	-1E-4	0	-1.8E-4	0	-1.8E-4
-17.61893	-9E-5	0	-1.4E-4	0	-1.6E-4
-17.60893	-8E-5	0	-1.3E-4	0	-1.5E-4
-17.59793	-8E-5	0	-1.3E-4	0	-1.4E-4
-17.58693	-7E-5	0	-1.3E-4	0	-1.2E-4
-17.57593	-6E-5	0	-1.3E-4	0	-1.1E-4
-17.56493	-5E-5	0	-1.3E-4	0	-9E-5
-17.55493	-4E-5	-1E-5	-1.2E-4	0	-7E-5
-17.54393	-3E-5	-1E-5	-1E-4	-1E-5	-6E-5
-17.53293	-2E-5	-1E-5	-9E-5	-1E-5	-4E-5
-17.52193	-2E-5	-1E-5	-7E-5	-1E-5	-4E-5
-17.51193	-1E-5	-1E-5	-5E-5	-1E-5	-3E-5
-17.50093	-1E-5	0	-3E-5	0	-2E-5
-17.48993	-1E-5	0	-2E-5	0	-2E-5
-17.47893	0	0	-2E-5	0	-1E-5
-17.46793	0	0	-2E-5	0	-1E-5
-17.45793	0	0	-2E-5	0	0
-17.44693	0	0	-2E-5	0	0
-17.43593	0	0	-3E-5	0	0
-17.42493	0	0	-3E-5	0	-1E-5
-17.41393	0	0	-4E-5	0	-1E-5
-17.40393	-1E-5	0	-4E-5	0	-1E-5
-17.39293	-1E-5	0	-4E-5	0	-1E-5
-17.38193	-1E-5	0	-4E-5	0	-1E-5
-17.37093	-1E-5	0	-4E-5	0	-1E-5
-17.35993	-1E-5	0	-4E-5	0	-1E-5
-17.34993	0	0	-4E-5	0	-1E-5
-17.33893	0	0	-4E-5	0	-1E-5
-17.32793	0	0	-4E-5	0	-1E-5
-17.31693	0	0	-4E-5	0	0
-17.30693	0	0	-3E-5	0	0
-17.29593	0	0	-3E-5	0	0
-17.28493	0	0	-3E-5	0	0
-17.27393	0	0	-2E-5	0	0
-17.26293	0	0	-1E-5	0	0
-17.25293	0	0	-1E-5	0	0
-17.24193	0	0	-1E-5	0	0
-17.23093	0	0	0	0	0
-17.21993	0	0	0	0	0
-17.20893	0	0	0	0	0
-17.19893	0	0	0	0	0
-17.18793	0	0	0	0	0
-17.17693	0	0	0	0	0
-17.16593	0	0	0	0	0
-17.15493	0	0	0	0	0
-17.14493	0	0	0	0	0
-17.13393	0	0	0	0	0
-17.12293	0	0	0	0	0
-17.11193	0	0	0	0	0
-17.10193	0	0	0	0	0
-17.09093	0	0	0	0	0
-17.07993	0	0	0	0	0
-17.06893	0	0	0	0	0
-17.05793	0	0	0	0	0
-17.04793	0	0	0	0	0
-17.03693	0	0	0	0	0
-17.02593	0	0	0	0	0
-17.01493	0	0	0	0	0
-17.00393	0	0	0	0	0
-16.99393	0	0	0	0	0
-16.98293	0	0	0	0	0
-16.97193	0	0	0	0	0
-16.96093	0	0	0	0	0
-16.94993	0	0	0	0	0
-16.93993	0	0	0	0	0
-16.92893	0	0	0	0	0
-16.91793	0	0	0	0	0
-16.90693	0	0	0	0	0
-16.89693	0	0	0	0	0
-16.88593	0	0	0	0	0
-16.87493	0	0	0	0	0
-16.86393	0	0	0	0	0
-16.85293	0	0	0	0	0
-16.84293	0	0	0	0	0
-16.83193	0	0	0	0	0
-16.82093	0	0	0	0	0
-16.80993	0	0	0	0	0
-16.79893	0	0	0	0	0
-16.78893	0	0	0	0	0
-16.77793	0	0	0	0	0
-16.76693	0	0	0	0	0
-16.75593	0	0	0	0	0
-16.74493	0	0	0	0	0
-16.73493	0	0	0	0	0
-16.72393	0	0	0	0	0
-16.71293	0	0	0	0	0
-16.70193	0	0	0	0	0
-16.69193	0	0	0	0	0
-16.68093	0	0	0	0	0
-16.66993	0	0	0	0	0
-16.65893	0	0	0	0	0
-16.64793	0	0	0	0	0
-16.63793	0	0	0	0	0
-16.62693	0	0	0	0	0
-16.61593	0	0	0	0	0
-16.60493	0	0	0	0	0
-16.59393	0	0	0	0	0
-16.58393	0	0	0	0	0
-16.57293	0	0	0	0	0
-16.56193	0	0	0	0	0
-16.55093	0	0	0	0	0
-16.53993	0	0	0	0	0
-16.52993	0	0	0	0	0
-16.51893	0	0	0	0	0
-16.50793	0	0	0	0	0
-16.49693	0	0	0	0	0
-16.48693	0	0	0	0	0
-16.47593	0	0	0	0	0
-16.46493	0	0	0	0	0
-16.45393	0	0	0	0	0
-16.44293	0	0	0	0	0
-16.43293	0	0	0	0	0
-16.42193	0	0	0	0	0
-16.41093	0	0	0	0	0
-16.39993	0	0	0	0	0
-16.38893	0	0	0	0	0
-16.37893	0	0	0	0	0
-16.36793	0	0	0	0	0
-16.35693	0	0	0	0	0
-16.34593	0	0	0	0	0
-16.33493	0	0	0	0	0
-16.32493	0	0	0	0	0
-16.31393	0	0	0	0	0
-16.30293	0	0	0	0	0
-16.29193	0	0	0	0	0
-16.28193	0	0	0	0	0
-16.27093	0	0	0	0	0
-16.25993	0	0	0	0	0
-16.24893	0	0	0	0	0
-16.23793	0	0	0	0	0
-16.22793	0	0	0	0	0
-16.21693	0	0	0	0	0
-16.20593	0	0	0	0	0
-16.19493	0	0	0	0	0
-16.18393	0	0	0	0	0
-16.17393	0	0	0	0	0
-16.16293	0	0	0	0	0
-16.15193	0	0	0	0	0
-16.14093	0	0	0	0	0
-16.12993	0	0	0	0	0
-16.11993	0	0	0	0	0
-16.10893	0	0	0	0	0
-16.09793	0	0	0	0	0
-16.08693	0	0	0	0	0
-16.07693	0	0	0	0	0
-16.06593	0	0	0	0	0
-16.05493	0	0	0	0	0
-16.04393	0	0	0	0	0
-16.03293	0	0	0	0	0
-16.02293	0	0	0	0	0
-16.01193	0	0	0	0	0
-16.00093	0	0	0	0	0
-15.98993	0	0	0	0	0
-15.97893	0	0	0	0	0
-15.96893	0	0	0	0	0
-15.95793	0	0	0	0	0
-15.94693	0	0	0	0	0
-15.93593	0	0	0	0	0
-15.92493	0	0	0	0	0
-15.91493	0	0	0	0	0
-15.90393	0	0	0	0	0
-15.89293	0	0	0	0	0
-15.88193	0	0	0	0	0
-15.87193	0	0	0	0	0
-15.86093	0	0	0	0	0
-15.84993	0	0	0	0	0
-15.83893	0	0	0	0	0
-15.82793	0	0	0	0	0
-15.81793	0	0	-1E-5	0	0
-15.80693	0	0	-1E-5	0	0
-15.79593	0	0	-1E-5	0	0
-15.78493	0	0	-1E-5	0	0
-15.77393	0	0	0	0	0
-15.76393	0	0	0	0	0
-15.75293	0	0	0	0	0
-15.74193	0	0	0	0	0
-15.73093	0	0	0	0	0
-15.71993	0	0	0	0	0
-15.70993	0	0	0	0	0
-15.69893	0	0	0	0	0
-15.68793	0	0	-1E-5	0	0
-15.67693	0	0	-3E-5	0	0
-15.66693	0	0	-1E-4	0	0
-15.65593	0	0	-2.5E-4	0	0
-15.64493	0	0	-6E-4	0	0
-15.63393	0	0	-0.0013	0	0
-15.62293	0	0	-0.00255	0	0
-15.61293	0	-1E-5	-0.00459	-1E-5	0
-15.60193	0	-1E-5	-0.00752	-1E-5	0
-15.59093	0	-2E-5	-0.01123	-2E-5	0
-15.57993	0	-5E-5	-0.01529	-4E-5	0
-15.56893	0	-8E-5	-0.01898	-7E-5	0
-15.55893	0	-1.1E-4	-0.02149	-1.1E-4	0
-15.54793	-1E-5	-1.6E-4	-0.02218	-1.5E-4	-1E-5
-15.53693	-2E-5	-2E-4	-0.02087	-2E-4	-3E-5
-15.52593	-4E-5	-2.3E-4	-0.01791	-2.3E-4	-8E-5
-15.51493	-1.2E-4	-2.4E-4	-0.01402	-2.4E-4	-2.2E-4
-15.50493	-3E-4	-2.3E-4	-0.01	-2.3E-4	-5.6E-4
-15.49393	-7.1E-4	-2E-4	-0.00651	-2.1E-4	-0.00131
-15.48293	-0.00151	-1.7E-4	-0.00386	-1.7E-4	-0.00279
-15.47193	-0.00294	-1.3E-4	-0.00209	-1.3E-4	-0.00544
-15.46193	-0.00524	-9E-5	-0.00103	-1E-4	-0.00967
-15.45093	-0.00849	-7E-5	-4.7E-4	-8E-5	-0.01567
-15.43993	-0.01255	-6E-5	-1.9E-4	-7E-5	-0.02318
-15.42893	-0.01693	-7E-5	-7E-5	-7E-5	-0.03125
-15.41793	-0.02081	-7E-5	-3E-5	-7E-5	-0.03843
-15.40793	-0.02333	-7E-5	-1E-5	-8E-5	-0.04309
-15.39693	-0.02386	-7E-5	-1E-5	-8E-5	-0.04407
-15.38593	-0.02224	-7E-5	0	-7E-5	-0.04111
-15.37493	-0.01891	-6E-5	0	-6E-5	-0.03499
-15.36393	-0.01467	-5E-5	0	-5E-5	-0.02719
-15.35393	-0.01038	-3E-5	0	-3E-5	-0.01932
-15.34293	-0.00671	-2E-5	0	-2E-5	-0.01257
-15.33193	-0.00396	-1E-5	0	-1E-5	-0.00752
-15.32093	-0.00215	-1E-5	0	-1E-5	-0.00417
-15.30993	-0.00107	0	0	0	-0.00217
-15.29993	-4.9E-4	0	0	0	-0.00108
-15.28893	-2.1E-4	0	0	0	-5.3E-4
-15.27793	-9E-5	0	0	0	-2.6E-4
-15.26693	-4E-5	0	0	0	-1.3E-4
-15.25693	-1E-5	0	0	0	-6E-5
-15.24593	-1E-5	0	0	0	-3E-5
-15.23493	0	0	0	0	-1E-5
-15.22393	0	0	0	0	-1E-5
-15.21293	0	0	0	0	0
-15.20293	0	0	0	0	0
-15.19193	0	0	0	0	0
-15.18093	0	0	0	0	0
-15.16993	0	0	0	0	0
-15.15893	0	0	0	0	0
-15.14893	0	0	0	0	0
-15.13793	0	0	0	0	0
-15.12693	0	0	0	0	0
-15.11593	0	0	0	0	0
-15.10593	0	0	0	0	0
-15.09493	0	0	0	0	0
-15.08393	0	0	0	0	0
-15.07293	0	0	0	0	0
-15.06193	0	0	0	0	0
-15.05193	0	0	0	0	0
-15.04093	0	0	0	0	0
-15.02993	0	0	0	0	0
-15.01893	0	0	0	0	0
-15.00793	0	0	0	0	0
-14.99793	0	0	0	0	0
-14.98693	0	0	0	0	0
-14.97593	0	0	0	0	0
-14.96493	0	0	0	0	0
-14.95393	0	0	0	0	0
-14.94393	0	0	0	0	0
-14.93293	0	0	0	0	0
-14.92193	0	0	0	0	0
-14.91093	0	0	0	0	0
-14.90093	0	0	0	0	0
-14.88993	0	0	0	0	0
-14.87893	0	0	0	0	0
-14.86793	0	0	0	0	0
-14.85693	0	0	0	0	0
-14.84693	0	0	0	0	0
-14.83593	0	0	0	0	0
-14.82493	0	0	0	0	0
-14.81393	0	0	0	0	0
-14.80293	0	0	0	0	0
-14.79293	0	0	0	0	0
-14.78193	0	0	0	0	0
-14.77093	0	0	0	0	0
-14.75993	0	0	0	0	0
-14.74893	0	0	0	0	0
-14.73893	0	0	0	0	0
-14.72793	0	0	0	0	0
-14.71693	0	0	0	0	0
-14.70593	0	0	0	0	0
-14.69593	0	0	0	0	0
-14.68493	0	0	0	0	0
-14.67393	0	0	0	0	0
-14.66293	0	0	0	0	0
-14.65193	0	0	0	0	0
-14.64193	0	0	0	0	0
-14.63093	0	0	0	0	0
-14.61993	0	0	0	0	0
-14.60893	0	0	0	0	0
-14.59793	0	0	0	0	0
-14.58793	0	0	0	0	0
-14.57693	0	0	0	0	0
-14.56593	0	0	0	0	0
-14.55493	0	0	0	0	0
-14.54393	0	0	0	0	0
-14.53393	0	0	0	0	0
-14.52293	0	0	0	0	0
-14.51193	0	0	0	0	0
-14.50093	0	0	0	0	0
-14.49093	0	0	0	0	0
-14.47993	0	0	0	0	0
-14.46893	0	0	0	0	0
-14.45793	0	0	0	0	0
-14.44693	0	0	0	0	0
-14.43693	0	0	0	0	0
-14.42593	0	0	0	0	0
-14.41493	0	0	0	0	0
-14.40393	0	0	0	0	0
-14.39293	0	0	0	0	0
-14.38293	0	0	0	0	0
-14.37193	0	0	0	0	0
-14.36093	0	0	0	0	0
-14.34993	0	0	0	0	0
-14.33893	0	0	0	0	0
-14.32893	0	0	0	0	0
-14.31793	0	0	0	0	0
-14.30693	0	0	0	0	0
-14.29593	0	0	0	0	0
-14.28593	0	0	0	0	0
-14.27493	0	0	0	0	0
-14.26393	0	0	0	0	0
-14.25293	0	0	0	0	0
-14.24193	0	0	0	0	0
-14.23193	0	0	0	0	0
-14.22093	0	0	0	0	0
-14.20993	0	0	0	0	0
-14.19893	0	0	0	0	0
-14.18793	0	0	0	0	0
-14.17793	0	0	0	0	0
-14.16693	0	0	0	0	0
-14.15593	0	0	0	0	0
-14.14493	0	0	0	0	0
-14.13393	0	0	0	0	0
-14.12393	0	0	0	0	0
-14.11293	0	0	0	0	0
-14.10193	0	0	0	0	0
-14.09093	0	0	0	0	0
-14.08093	0	0	0	0	0
-14.06993	0	0	0	0	0
-14.05893	0	0	0	0	0
-14.04793	0	0	0	0	0
-14.03693	0	0	0	0	0
-14.02693	0	0	0	0	0
-14.01593	0	0	0	0	0
-14.00493	0	0	0	0	0
-13.99393	0	0	0	0	0
-13.98293	0	0	0	0	0
-13.97293	0	0	0	0	0
-13.96193	0	0	0	0	0
-13.95093	0	0	0	0	0
-13.93993	0	0	0	0	0
-13.92893	0	0	0	0	0
-13.91893	0	0	0	0	0
-13.90793	0	0	0	0	0
-13.89693	0	0	0	0	0
-13.88593	0	0	0	0	0
-13.87593	0	0	0	0	0
-13.86493	0	0	0	0	0
-13.85393	0	0	0	0	0
-13.84293	0	0	0	0	0
-13.83193	0	0	0	0	0
-13.82193	0	0	0	0	0
-13.81093	0	0	0	0	0
-13.79993	0	0	0	0	0
-13.78893	0	0	0	0	0
-13.77793	0	-1E-5	0	0	0
-13.76793	0	-1E-5	0	-1E-5	0
-13.75693	0	-2E-5	0	-1E-5	0
-13.74593	0	-3E-5	0	-2E-5	0
-13.73493	0	-4E-5	0	-3E-5	0
-13.72393	0	-4E-5	0	-4E-5	0
-13.71393	0	-5E-5	0	-5E-5	0
-13.70293	0	-5E-5	0	-5E-5	0
-13.69193	0	-5E-5	0	-5E-5	0
-13.68093	0	-4E-5	0	-4E-5	0
-13.67093	0	-3E-5	0	-3E-5	0
-13.65993	0	-2E-5	0	-2E-5	0
-13.64893	0	-2E-5	0	-2E-5	0
-13.63793	0	-1E-5	0	-1E-5	0
-13.62693	0	-1E-5	0	-1E-5	0
-13.61693	0	0	0	0	0
-13.60593	0	0	0	0	0
-13.59493	0	0	0	0	0
-13.58393	0	0	0	0	0
-13.57293	0	0	0	0	0
-13.56293	0	0	0	0	0
-13.55193	0	0	0	0	0
-13.54093	0	0	0	0	0
-13.52993	0	0	0	0	0
-13.51893	0	0	0	0	0
-13.50893	0	0	0	0	0
-13.49793	0	0	0	0	0
-13.48693	0	0	0	0	0
-13.47593	0	0	0	0	0
-13.46593	0	0	0	0	0
-13.45493	0	0	0	0	0
-13.44393	0	0	0	0	0
-13.43293	0	0	0	0	0
-13.42193	0	0	0	0	0
-13.41193	0	0	0	0	0
-13.40093	0	0	0	0	0
-13.38993	0	0	0	0	0
-13.37893	0	0	0	0	0
-13.36793	0	0	0	0	0
-13.35793	0	0	0	0	0
-13.34693	0	0	0	0	0
-13.33593	0	0	0	0	0
-13.32493	0	0	0	0	0
-13.31393	0	0	0	0	0
-13.30393	0	0	0	0	0
-13.29293	0	0	0	0	0
-13.28193	0	0	0	0	0
-13.27093	0	0	0	0	0
-13.26093	0	0	0	0	0
-13.24993	0	0	0	0	0
-13.23893	0	0	0	0	0
-13.22793	0	0	0	0	0
-13.21693	0	0	0	0	0
-13.20693	0	0	0	0	0
-13.19593	0	0	0	0	0
-13.18493	0	0	0	0	0
-13.17393	0	0	0	0	0
-13.16293	0	0	0	0	0
-13.15293	0	0	0	0	0
-13.14193	0	0	0	0	0
-13.13093	0	0	0	0	0
-13.11993	0	0	0	0	0
-13.10893	0	0	0	0	0
-13.09893	0	0	0	0	0
-13.08793	0	0	0	0	0
-13.07693	0	0	0	0	0
-13.06593	0	0	0	0	0
-13.05593	0	0	0	0	0
-13.04493	0	0	0	0	0
-13.03393	0	0	0	0	0
-13.02293	0	0	0	0	0
-13.01193	0	0	0	0	0
-13.00193	0	0	0	0	0
-12.99093	0	0	0	0	0
-12.97993	0	0	0	0	0
-12.96893	0	0	0	0	0
-12.95793	0	0	0	0	0
-12.94793	0	0	0	0	0
-12.93693	0	0	0	0	0
-12.92593	0	0	0	0	0
-12.91493	0	0	0	0	0
-12.90393	0	0	0	0	0
-12.89393	0	0	0	0	0
-12.88293	0	0	0	0	0
-12.87193	0	0	0	0	0
-12.86093	0	0	0	0	0
-12.85093	0	0	0	0	0
-12.83993	0	0	0	0	0
-12.82893	0	0	0	0	0
-12.81793	0	0	0	0	0
-12.80693	0	0	0	0	0
-12.79693	0	0	0	0	0
-12.78593	0	0	0	0	0
-12.77493	0	0	0	0	0
-12.76393	0	0	0	0	0
-12.75293	0	0	0	0	0
-12.74293	0	0	0	0	0
-12.73193	0	0	0	0	0
-12.72093	0	0	0	0	0
-12.70993	0	0	0	0	0
-12.69893	0	0	0	0	0
-12.68893	0	0	0	0	0
-12.67793	0	0	0	0	0
-12.66693	0	0	0	0	0
-12.65593	0	0	0	0	0
-12.64593	0	0	0	0	0
-12.63493	0	0	0	0	0
-12.62393	0	0	0	0	0
-12.61293	0	0	0	0	0
-12.60193	0	0	0	0	0
-12.59193	-1E-5	0	0	0	-2E-5
-12.58093	-3E-5	0	0	0	-5E-5
-12.56993	-8E-5	0	0	0	-1.5E-4
-12.55893	-2.2E-4	0	0	0	-4.1E-4
-12.54793	-5.5E-4	0	0	0	-0.00101
-12.53793	-0.00122	0	0	0	-0.00225
-12.52693	-0.00248	0	0	0	-0.00456
-12.51593	-0.00459	0	0	0	-0.00844
-12.50493	-0.00775	0	0	0	-0.01425
-12.49393	-0.01192	0	-1E-5	0	-0.02193
-12.48393	-0.01673	0	-3E-5	0	-0.03077
-12.47293	-0.0214	0	-9E-5	0	-0.03936
-12.46193	-0.02496	0	-2.4E-4	0	-0.04591
-12.45093	-0.02654	0	-6E-4	0	-0.04882
-12.44093	-0.02573	0	-0.0014	0	-0.04733
-12.42993	-0.02274	0	-0.00294	0	-0.04184
-12.41893	-0.01833	0	-0.00565	0	-0.03372
-12.40793	-0.01347	0	-0.0099	0	-0.02477
-12.39693	-0.00902	0	-0.01581	0	-0.0166
-12.38693	-0.00551	0	-0.02301	0	-0.01014
-12.37593	-0.00307	0	-0.03054	0	-0.00565
-12.36493	-0.00156	0	-0.03696	0	-0.00287
-12.35393	-7.2E-4	0	-0.04078	0	-0.00133
-12.34293	-3E-4	0	-0.04102	0	-5.6E-4
-12.33293	-1.2E-4	0	-0.03762	0	-2.2E-4
-12.32193	-4E-5	0	-0.03146	0	-8E-5
-12.31093	-1E-5	0	-0.02398	0	-2E-5
-12.29993	0	-1E-5	-0.01667	-1E-5	-1E-5
-12.28893	0	-3E-5	-0.01056	-2E-5	0
-12.27893	0	-5E-5	-0.00611	-4E-5	0
-12.26793	0	-9E-5	-0.00322	-8E-5	0
-12.25693	0	-1.4E-4	-0.00155	-1.3E-4	0
-12.24593	0	-2.1E-4	-6.8E-4	-2E-4	0
-12.23593	0	-2.9E-4	-2.7E-4	-2.8E-4	0
-12.22493	0	-3.5E-4	-1E-4	-3.5E-4	0
-12.21393	0	-4E-4	-4E-5	-4E-4	0
-12.20293	0	-4.1E-4	-2E-5	-4.1E-4	0
-12.19193	0	-3.8E-4	-1E-5	-3.9E-4	0
-12.18193	0	-3.3E-4	-1E-5	-3.4E-4	0
-12.17093	0	-2.5E-4	0	-2.7E-4	0
-12.15993	0	-1.8E-4	0	-1.9E-4	0
-12.14893	0	-1.2E-4	0	-1.3E-4	0
-12.13793	0	-7E-5	0	-8E-5	0
-12.12793	0	-4E-5	0	-4E-5	0
-12.11693	0	-2E-5	0	-2E-5	0
-12.10593	0	-1E-5	0	-1E-5	0
-12.09493	-1E-5	0	0	0	0
-12.08393	-2E-5	0	0	0	-1E-5
-12.07393	-4E-5	0	0	0	-1E-5
-12.06293	-8E-5	0	0	0	-2E-5
-12.05193	-1.3E-4	0	0	0	-4E-5
-12.04093	-2.2E-4	0	0	0	-7E-5
-12.03093	-3.2E-4	0	0	0	-1.1E-4
-12.01993	-4.4E-4	0	0	0	-1.7E-4
-12.00893	-5.7E-4	0	0	0	-2.8E-4
-11.99793	-7.2E-4	0	0	0	-4.9E-4
-11.98693	-9.4E-4	0	0	0	-9.2E-4
-11.97693	-0.0013	0	0	0	-0.00173
-11.96593	-0.00193	0	0	0	-0.00313
-11.95493	-0.00291	0	0	0	-0.00529
-11.94393	-0.00429	0	0	0	-0.00824
-11.93293	-0.00597	0	0	0	-0.01178
-11.92293	-0.00771	0	0	0	-0.01539
-11.91193	-0.00914	0	0	0	-0.01835
-11.90093	-0.00992	0	0	0	-0.01996
-11.88993	-0.00983	0	0	0	-0.0198
-11.87893	-0.00889	0	0	0	-0.0179
-11.86893	-0.00733	0	0	0	-0.01476
-11.85793	-0.00551	0	0	0	-0.0111
-11.84693	-0.00378	0	0	0	-0.00761
-11.83593	-0.00236	0	0	0	-0.00475
-11.82593	-0.00134	0	0	0	-0.00271
-11.81493	-7E-4	0	0	0	-0.00141
-11.80393	-3.3E-4	0	0	0	-6.7E-4
-11.79293	-1.4E-4	0	0	0	-2.9E-4
-11.78193	-6E-5	0	0	0	-1.1E-4
-11.77193	-2E-5	0	0	0	-4E-5
-11.76093	-1E-5	0	0	0	-1E-5
-11.74993	0	0	0	0	0
-11.73893	0	0	0	0	0
-11.72793	0	0	0	0	0
-11.71793	0	0	0	0	0
-11.70693	0	0	0	0	0
-11.69593	0	0	0	0	0
-11.68493	0	0	0	0	0
-11.67493	0	0	0	0	0
-11.66393	0	0	0	0	0
-11.65293	0	0	0	0	0
-11.64193	0	0	0	0	0
-11.63093	0	0	0	0	0
-11.62093	0	0	0	0	0
-11.60993	0	0	0	0	0
-11.59893	0	0	0	0	0
-11.58793	0	0	0	0	0
-11.57693	0	0	0	0	0
-11.56693	0	0	0	0	0
-11.55593	0	0	0	0	0
-11.54493	0	0	0	0	0
-11.53393	0	0	0	0	0
-11.52293	0	0	0	0	0
-11.51293	0	0	0	0	0
-11.50193	0	0	0	0	0
-11.49093	0	0	0	0	0
-11.47993	0	0	0	0	0
-11.46993	0	0	0	0	0
-11.45893	0	0	0	0	0
-11.44793	0	0	0	0	0
-11.43693	0	0	0	0	0
-11.42593	0	0	0	0	0
-11.41593	0	0	0	0	0
-11.40493	0	0	0	0	0
-11.39393	0	0	0	0	0
-11.38293	0	0	0	0	0
-11.37193	0	0	0	0	0
-11.36193	0	0	0	0	0
-11.35093	0	0	0	0	0
-11.33993	0	-1E-5	0	-1E-5	0
-11.32893	0	-1E-5	0	-1E-5	0
-11.31793	0	-2E-5	0	-2E-5	0
-11.30793	0	-2E-5	0	-2E-5	0
-11.29693	0	-3E-5	0	-2E-5	0
-11.28593	0	-3E-5	0	-3E-5	0
-11.27493	0	-3E-5	0	-3E-5	0
-11.26493	0	-3E-5	0	-2E-5	0
-11.25393	0	-2E-5	0	-2E-5	0
-11.24293	0	-2E-5	0	-1E-5	0
-11.23193	0	-1E-5	0	-1E-5	0
-11.22093	0	-1E-5	0	-1E-5	0
-11.21093	-1E-5	0	0	0	-1E-5
-11.19993	-4E-5	0	0	0	-2E-5
-11.18893	-1.2E-4	0	0	0	-6E-5
-11.17793	-3.4E-4	0	0	0	-1.8E-4
-11.16693	-8.9E-4	0	0	0	-4.8E-4
-11.15693	-0.00214	0	0	0	-0.00115
-11.14593	-0.00468	0	0	0	-0.00252
-11.13493	-0.00931	0	0	0	-0.00501
-11.12393	-0.01689	0	0	0	-0.00909
-11.11293	-0.02795	0	0	0	-0.01503
-11.10293	-0.04216	0	0	0	-0.02268
-11.09193	-0.05798	0	0	0	-0.03119
-11.08093	-0.0727	0	0	0	-0.03911
-11.06993	-0.08311	0	0	0	-0.04471
-11.05993	-0.08663	0	0	0	-0.0466
-11.04893	-0.08232	0	0	0	-0.04428
-11.03793	-0.07133	0	0	0	-0.03837
-11.02693	-0.05635	0	0	0	-0.03031
-11.01593	-0.04059	0	0	0	-0.02183
-11.00593	-0.02666	0	0	0	-0.01434
-10.99493	-0.01596	0	0	0	-0.00859
-10.98393	-0.00872	0	0	0	-0.00469
-10.97293	-0.00434	0	0	0	-0.00233
-10.96193	-0.00197	0	0	0	-0.00106
-10.95193	-8.2E-4	0	0	0	-4.4E-4
-10.94093	-3.1E-4	0	0	0	-1.7E-4
-10.92993	-1.1E-4	0	0	0	-6E-5
-10.91893	-3E-5	0	0	0	-2E-5
-10.90793	-1E-5	0	0	0	-1E-5
-10.89793	0	0	0	0	0
-10.88693	0	0	0	0	0
-10.87593	0	0	0	0	0
-10.86493	0	0	0	0	0
-10.85493	0	0	0	0	0
-10.84393	0	0	0	0	0
-10.83293	0	0	0	0	0
-10.82193	0	0	0	0	0
-10.81093	0	0	0	0	0
-10.80093	0	0	0	0	0
-10.78993	0	0	0	0	0
-10.77893	0	0	0	0	0
-10.76793	0	0	0	0	0
-10.75693	0	0	0	0	0
-10.74693	0	0	0	0	0
-10.73593	0	0	0	0	0
-10.72493	0	0	0	0	0
-10.71393	0	0	0	0	0
-10.70293	0	0	0	0	0
-10.69293	0	0	0	0	0
-10.68193	0	0	0	0	0
-10.67093	0	0	0	0	0
-10.65993	0	0	0	0	0
-10.64993	0	0	0	0	0
-10.63893	0	0	0	0	0
-10.62793	0	0	0	0	0
-10.61693	0	0	0	0	0
-10.60593	0	0	0	0	0
-10.59593	0	0	0	0	0
-10.58493	0	0	0	0	0
-10.57393	0	0	0	0	0
-10.56293	0	0	0	0	0
-10.55193	0	0	0	0	0
-10.54193	0	0	0	0	0
-10.53093	0	0	0	0	0
-10.51993	0	0	0	0	0
-10.50893	0	0	0	0	0
-10.49793	0	0	0	0	0
-10.48793	0	0	0	0	0
-10.47693	0	0	0	0	0
-10.46593	0	0	0	0	0
-10.45493	0	0	0	0	0
-10.44493	0	0	0	0	0
-10.43393	0	0	0	0	0
-10.42293	0	0	-2E-5	0	0
-10.41193	0	0	-5E-5	0	0
-10.40093	0	0	-1.4E-4	0	0
-10.39093	0	0	-3.8E-4	0	0
-10.37993	0	0	-9E-4	0	0
-10.36893	0	0	-0.00196	0	0
-10.35793	0	0	-0.00389	0	0
-10.34693	0	0	-0.00704	0	0
-10.33693	0	0	-0.01163	0	0
-10.32593	0	0	-0.01751	0	0
-10.31493	0	0	-0.02403	0	0
-10.30393	0	0	-0.03008	0	0
-10.29293	0	0	-0.03432	0	0
-10.28293	0	0	-0.03571	0	0
-10.27193	0	0	-0.03387	0	0
-10.26093	0	0	-0.02929	0	0
-10.24993	0	0	-0.02309	0	0
-10.23993	0	0	-0.0166	0	0
-10.22893	0	0	-0.01088	0	0
-10.21793	0	0	-0.0065	0	0
-10.20693	0	0	-0.00354	0	0
-10.19593	0	0	-0.00176	0	0
-10.18593	0	0	-8E-4	0	0
-10.17493	0	0	-3.3E-4	0	0
-10.16393	0	0	-1.2E-4	0	0
-10.15293	0	-1E-5	-4E-5	-1E-5	0
-10.14193	0	-1E-5	-1E-5	-1E-5	0
-10.13193	0	-2E-5	0	-2E-5	0
-10.12093	0	-4E-5	0	-4E-5	0
-10.10993	0	-5E-5	0	-6E-5	0
-10.09893	0	-6E-5	0	-7E-5	0
-10.08793	0	-7E-5	0	-9E-5	0
-10.07793	0	-8E-5	0	-9E-5	0
-10.06693	0	-7E-5	0	-9E-5	0
-10.05593	0	-7E-5	0	-8E-5	0
-10.04493	0	-5E-5	0	-7E-5	0
-10.03493	0	-4E-5	0	-5E-5	0
-10.02393	0	-3E-5	0	-4E-5	0
-10.01293	0	-2E-5	0	-2E-5	0
-10.00193	0	-1E-5	0	-1E-5	0
-9.99093	0	0	0	-1E-5	0
-9.98093	0	0	0	0	0
-9.96993	0	0	0	0	0
-9.95893	0	0	0	0	0
-9.94793	0	0	0	0	0
-9.93693	0	0	0	0	0
-9.92693	0	0	0	0	0
-9.91593	0	0	0	0	0
-9.90493	0	0	0	0	0
-9.89393	0	0	0	0	0
-9.88293	0	0	0	0	0
-9.87293	0	0	0	0	0
-9.86193	0	0	0	0	0
-9.85093	0	0	0	0	0
-9.83993	0	0	0	0	0
-9.82993	0	0	0	0	0
-9.81893	0	0	0	0	0
-9.80793	0	0	0	0	0
-9.79693	0	0	0	0	0
-9.78593	-1E-5	0	0	0	-1E-5
-9.77593	-2E-5	0	0	0	-3E-5
-9.76493	-6E-5	0	0	0	-1.1E-4
-9.75393	-1.7E-4	0	0	0	-3.2E-4
-9.74293	-4.6E-4	0	0	0	-8.4E-4
-9.73193	-0.00111	0	0	0	-0.00203
-9.72193	-0.00243	-1E-5	0	-1E-5	-0.00447
-9.71093	-0.00487	-2E-5	0	-2E-5	-0.00896
-9.69993	-0.00891	-5E-5	0	-4E-5	-0.01637
-9.68893	-0.01485	-9E-5	0	-7E-5	-0.02729
-9.67793	-0.02256	-1.5E-4	0	-1.2E-4	-0.04146
-9.66793	-0.03125	-2.3E-4	0	-1.9E-4	-0.05744
-9.65693	-0.03948	-3.1E-4	0	-2.7E-4	-0.07255
-9.64593	-0.04546	-3.9E-4	0	-3.5E-4	-0.08355
-9.63493	-0.04773	-4.5E-4	0	-4E-4	-0.08773
-9.62493	-0.0457	-4.7E-4	0	-4.3E-4	-0.08398
-9.61393	-0.03988	-4.5E-4	0	-4.2E-4	-0.0733
-9.60293	-0.03174	-3.9E-4	0	-3.7E-4	-0.05833
-9.59193	-0.02303	-3.1E-4	0	-3E-4	-0.04232
-9.58093	-0.01523	-2.2E-4	0	-2.2E-4	-0.02799
-9.57093	-0.00919	-1.5E-4	0	-1.5E-4	-0.01688
-9.55993	-0.00505	-9E-5	0	-9E-5	-0.00928
-9.54893	-0.00253	-5E-5	0	-5E-5	-0.00466
-9.53793	-0.00116	-2E-5	0	-3E-5	-0.00213
-9.52693	-4.8E-4	-1E-5	0	-1E-5	-8.9E-4
-9.51693	-1.8E-4	0	0	-1E-5	-3.4E-4
-9.50593	-6E-5	0	0	0	-1.2E-4
-9.49493	-2E-5	0	0	0	-4E-5
-9.48393	-1E-5	0	0	0	-1E-5
-9.47293	0	0	0	0	0
-9.46293	0	0	0	0	0
-9.45193	0	0	0	0	0
-9.44093	0	0	0	0	0
-9.42993	0	0	0	0	0
-9.41993	0	0	0	0	0
-9.40893	0	0	0	0	0
-9.39793	0	0	0	0	0
-9.38693	0	0	0	0	0
-9.37593	0	0	0	0	0
-9.36593	0	0	0	0	0
-9.35493	0	0	0	0	0
-9.34393	0	0	0	0	0
-9.33293	0	0	0	0	0
-9.32193	0	0	0	0	0
-9.31193	0	0	0	0	0
-9.30093	0	0	0	0	0
-9.28993	0	0	0	0	0
-9.27893	0	0	0	0	0
-9.26793	0	0	0	0	0
-9.25793	0	0	0	0	0
-9.24693	0	0	0	0	0
-9.23593	0	0	0	0	0
-9.22493	0	0	0	0	0
-9.21493	0	0	0	0	0
-9.20393	0	0	0	0	0
-9.19293	0	0	0	0	0
-9.18193	0	0	0	0	0
-9.17093	0	0	0	0	0
-9.16093	0	0	0	0	0
-9.14993	0	0	0	0	0
-9.13893	0	0	0	0	0
-9.12793	0	0	0	0	0
-9.11693	0	0	0	0	0
-9.10693	0	0	0	0	0
-9.09593	0	0	0	0	0
-9.08493	0	0	0	0	0
-9.07393	0	0	0	0	0
-9.06293	0	0	0	0	0
-9.05293	0	0	0	0	0
-9.04193	0	0	0	0	0
-9.03093	0	0	0	0	0
-9.01993	0	0	0	0	0
-9.00993	0	0	0	0	0
-8.99893	-2E-5	0	0	0	-1E-5
-8.98793	-5E-5	0	0	0	-3E-5
-8.97693	-1.3E-4	0	0	0	-7E-5
-8.96593	-3.3E-4	0	0	0	-1.8E-4
-8.95593	-7.6E-4	0	0	0	-4.1E-4
-8.94493	-0.00158	0	0	0	-8.6E-4
-8.93393	-0.00299	0	0	0	-0.00163
-8.92293	-0.00516	0	0	0	-0.00282
-8.91193	-0.00813	0	0	0	-0.00445
-8.90193	-0.01168	0	0	0	-0.00639
-8.89093	-0.01529	0	0	0	-0.00837
-8.87993	-0.01826	0	0	0	-0.00999
-8.86893	-0.01988	0	0	0	-0.01088
-8.85793	-0.01973	0	0	0	-0.0108
-8.84793	-0.01785	0	0	0	-0.00977
-8.83693	-0.01473	0	0	0	-0.00806
-8.82593	-0.01108	0	0	0	-0.00606
-8.81493	-0.0076	0	0	0	-0.00416
-8.80493	-0.00475	0	0	0	-0.0026
-8.79393	-0.00271	0	0	0	-0.00148
-8.78293	-0.00141	0	0	0	-7.7E-4
-8.77193	-6.7E-4	0	0	0	-3.7E-4
-8.76093	-2.9E-4	0	0	0	-1.6E-4
-8.75093	-1.1E-4	0	0	0	-6E-5
-8.73993	-4E-5	0	0	0	-3E-5
-8.72893	-1E-5	0	0	0	-1E-5
-8.71793	0	0	0	0	-1E-5
-8.70693	0	0	0	0	-1E-5
-8.69693	0	0	0	0	-1E-5
-8.68593	0	0	0	0	0
-8.67493	0	0	0	0	0
-8.66393	0	0	0	0	0
-8.65293	0	0	0	0	0
-8.64293	0	0	0	0	0
-8.63193	0	0	0	0	0
-8.62093	0	0	0	0	0
-8.60993	0	0	0	0	0
-8.59993	0	0	0	0	0
-8.58893	0	0	0	0	0
-8.57793	0	0	0	0	0
-8.56693	0	0	0	0	0
-8.55593	0	0	0	0	0
-8.54593	0	0	0	0	0
-8.53493	0	0	0	0	0
-8.52393	0	0	0	0	0
-8.51293	0	0	0	0	0
-8.50193	0	0	-1E-5	0	0
-8.49193	0	0	-2E-5	0	0
-8.48093	0	0	-7E-5	0	0
-8.46993	0	0	-2.1E-4	0	0
-8.45893	0	0	-6.1E-4	0	0
-8.44793	0	0	-0.00158	0	0
-8.43793	0	0	-0.00373	0	0
-8.42693	0	-1E-5	-0.00803	-1E-5	0
-8.41593	0	-1E-5	-0.01577	-1E-5	0
-8.40493	0	-2E-5	-0.02824	-2E-5	0
-8.39493	0	-2E-5	-0.04611	-2E-5	0
-8.38393	0	-3E-5	-0.06865	-3E-5	0
-8.37293	0	-3E-5	-0.0932	-3E-5	0
-8.36193	0	-3E-5	-0.1154	-3E-5	0
-8.35093	0	-3E-5	-0.1302	-3E-5	0
-8.34093	0	-3E-5	-0.134	-3E-5	0
-8.32993	0	-2E-5	-0.1257	-2E-5	0
-8.31893	0	-2E-5	-0.1075	-2E-5	0
-8.30793	0	-1E-5	-0.08384	-1E-5	0
-8.29693	0	-1E-5	-0.05961	-1E-5	0
-8.28693	0	0	-0.03865	0	0
-8.27593	0	0	-0.02285	0	0
-8.26493	0	0	-0.01233	0	0
-8.25393	0	0	-0.00609	0	0
-8.24393	0	0	-0.00279	0	0
-8.23293	0	0	-0.00127	0	-1E-5
-8.22193	-1E-5	0	-7.1E-4	0	-2E-5
-8.21093	-4E-5	0	-6.2E-4	0	-8E-5
-8.19993	-1.4E-4	0	-7.6E-4	0	-2.5E-4
-8.18993	-4E-4	0	-9.9E-4	0	-7.4E-4
-8.17893	-0.00105	0	-0.00121	0	-0.00194
-8.16793	-0.00252	0	-0.00136	0	-0.00466
-8.15693	-0.00552	0	-0.0014	0	-0.01022
-8.14593	-0.01103	0	-0.00131	0	-0.02043
-8.13593	-0.02011	0	-0.00112	0	-0.03723
-8.12493	-0.03341	0	-8.7E-4	0	-0.06187
-8.11393	-0.05063	-1E-5	-6.2E-4	-1E-5	-0.09374
-8.10293	-0.06994	-1E-5	-4E-4	-1E-5	-0.1295
-8.09193	-0.0881	-2E-5	-2.4E-4	-2E-5	-0.1631
-8.08193	-0.1012	-3E-5	-1.3E-4	-3E-5	-0.1874
-8.07093	-0.106	-3E-5	-7E-5	-4E-5	-0.1962
-8.05993	-0.1012	-4E-5	-3E-5	-5E-5	-0.1874
-8.04893	-0.08813	-4E-5	-2E-5	-6E-5	-0.1632
-8.03893	-0.06999	-5E-5	-1E-5	-6E-5	-0.1296
-8.02793	-0.0507	-4E-5	-1E-5	-5E-5	-0.09387
-8.01693	-0.03349	-3E-5	-1E-5	-5E-5	-0.06201
-8.00593	-0.02018	-3E-5	0	-4E-5	-0.03737
-7.99493	-0.0111	-2E-5	0	-3E-5	-0.02055
-7.98493	-0.00557	-1E-5	0	-2E-5	-0.01031
-7.97393	-0.00255	-1E-5	0	-1E-5	-0.00472
-7.96293	-0.00107	0	0	-1E-5	-0.00197
-7.95193	-4.1E-4	-1E-5	0	-1E-5	-7.5E-4
-7.94093	-1.4E-4	-2E-5	0	-2E-5	-2.6E-4
-7.93093	-5E-5	-6E-5	0	-6E-5	-8E-5
-7.91993	-1E-5	-1.7E-4	0	-1.9E-4	-2E-5
-7.90893	0	-4.7E-4	0	-5.1E-4	-1E-5
-7.89793	0	-0.00118	0	-0.00127	0
-7.88693	0	-0.0027	0	-0.00287	0
-7.87693	0	-0.00563	-1E-5	-0.00594	0
-7.86593	0	-0.01071	-1E-5	-0.01121	0
-7.85493	0	-0.01857	-1E-5	-0.01931	0
-7.84393	0	-0.02936	-1E-5	-0.03032	0
-7.83393	0	-0.04231	-2E-5	-0.04344	0
-7.82293	0	-0.05561	-2E-5	-0.05674	-1E-5
-7.81193	0	-0.06663	-2E-5	-0.0676	-1E-5
-7.80093	0	-0.07279	-2E-5	-0.07343	-1E-5
-7.78993	0	-0.07251	-1E-5	-0.07275	-1E-5
-7.77993	0	-0.06586	-1E-5	-0.06572	-1E-5
-7.76893	0	-0.05455	-1E-5	-0.05413	0
-7.75793	0	-0.04119	0	-0.04066	0
-7.74693	0	-0.02836	0	-0.02785	0
-7.73593	0	-0.0178	0	-0.01739	0
-7.72593	0	-0.01019	0	-0.0099	0
-7.71493	0	-0.00532	0	-0.00514	0
-7.70393	0	-0.00253	0	-0.00243	0
-7.69293	0	-0.0011	0	-0.00105	0
-7.68193	0	-4.3E-4	0	-4.1E-4	0
-7.67193	0	-1.6E-4	0	-1.5E-4	0
-7.66093	0	-5E-5	0	-5E-5	0
-7.64993	0	-2E-5	0	-1E-5	0
-7.63893	0	0	0	0	0
-7.62893	0	0	0	0	0
-7.61793	0	0	0	0	0
-7.60693	0	0	0	0	0
-7.59593	0	0	-1E-5	0	0
-7.58493	0	0	-3E-5	0	0
-7.57493	0	0	-9E-5	0	0
-7.56393	0	0	-2.4E-4	0	0
-7.55293	0	0	-5.7E-4	0	0
-7.54193	0	0	-0.00124	0	0
-7.53093	0	0	-0.00248	0	0
-7.52093	0	0	-0.00453	0	0
-7.50993	0	0	-0.00751	0	0
-7.49893	0	0	-0.01138	0	0
-7.48793	0	0	-0.01571	0	0
-7.47693	0	0	-0.01977	0	0
-7.46693	0	0	-0.02268	0	0
-7.45593	0	0	-0.02373	0	0
-7.44493	0	0	-0.02264	0	0
-7.43393	0	0	-0.01969	0	0
-7.42393	0	-1E-5	-0.01561	0	-1E-5
-7.41293	-1E-5	-1E-5	-0.01129	-1E-5	-1E-5
-7.40193	-2E-5	-2E-5	-0.00744	-2E-5	-3E-5
-7.39093	-4E-5	-3E-5	-0.00447	-3E-5	-4E-5
-7.37993	-6E-5	-5E-5	-0.00245	-4E-5	-7E-5
-7.36993	-9E-5	-7E-5	-0.00123	-6E-5	-1.1E-4
-7.35893	-1.2E-4	-8E-5	-5.6E-4	-8E-5	-1.5E-4
-7.34793	-1.5E-4	-1E-4	-2.4E-4	-9E-5	-1.8E-4
-7.33693	-1.7E-4	-1E-4	-9E-5	-9E-5	-2.1E-4
-7.32593	-1.7E-4	-1E-4	-3E-5	-9E-5	-2.1E-4
-7.31593	-1.6E-4	-9E-5	-1E-5	-8E-5	-2E-4
-7.30493	-1.4E-4	-7E-5	-1E-5	-6E-5	-1.7E-4
-7.29393	-1.1E-4	-5E-5	0	-5E-5	-1.3E-4
-7.28293	-8E-5	-3E-5	0	-3E-5	-9E-5
-7.27193	-5E-5	-2E-5	0	-2E-5	-6E-5
-7.26193	-3E-5	-1E-5	0	-1E-5	-4E-5
-7.25093	-2E-5	-1E-5	0	-1E-5	-2E-5
-7.23993	-1E-5	0	0	0	-1E-5
-7.22893	-1E-5	0	0	0	-1E-5
-7.21893	-1E-5	0	0	0	-2E-5
-7.20793	-3E-5	0	0	0	-5E-5
-7.19693	-8E-5	0	0	0	-1.3E-4
-7.18593	-1.8E-4	0	0	0	-3.1E-4
-7.17493	-3.8E-4	0	0	0	-6.5E-4
-7.16493	-7.3E-4	0	0	0	-0.00125
-7.15393	-0.00128	0	0	0	-0.00218
-7.14293	-0.00205	0	0	0	-0.00348
-7.13193	-0.00298	0	0	0	-0.00506
-7.12093	-0.00395	0	0	0	-0.00671
-7.11093	-0.00477	0	0	0	-0.00811
-7.09993	-0.00527	0	0	0	-0.00895
-7.08893	-0.00531	0	-1E-5	0	-0.00904
-7.07793	-0.00493	0	-1E-5	0	-0.0084
-7.06693	-0.0043	0	-1E-5	0	-0.00736
-7.05693	-0.00379	0	-2E-5	0	-0.00657
-7.04593	-0.00394	-1E-5	-2E-5	-1E-5	-0.00701
-7.03493	-0.00554	-2E-5	-3E-5	-2E-5	-0.01013
-7.02393	-0.00966	-4E-5	-3E-5	-4E-5	-0.01791
-7.01393	-0.0176	-8E-5	-3E-5	-7E-5	-0.03277
-7.00293	-0.03053	-1.5E-4	-3E-5	-1.4E-4	-0.05695
-6.99193	-0.04893	-2.6E-4	-2E-5	-2.4E-4	-0.09129
-6.98093	-0.07176	-4.1E-4	-2E-5	-3.8E-4	-0.1339
-6.96993	-0.09607	-5.8E-4	-1E-5	-5.5E-4	-0.1793
-6.95993	-0.1173	-7.5E-4	-1E-5	-7.3E-4	-0.2189
-6.94893	-0.1307	-8.9E-4	-1E-5	-8.7E-4	-0.2438
-6.93793	-0.1327	-9.6E-4	-1E-5	-9.5E-4	-0.2477
-6.92693	-0.123	-9.4E-4	-1E-5	-9.5E-4	-0.2295
-6.91593	-0.1039	-8.4E-4	0	-8.6E-4	-0.1939
-6.90593	-0.08008	-6.9E-4	0	-7.1E-4	-0.1494
-6.89493	-0.05629	-5.1E-4	0	-5.4E-4	-0.105
-6.88393	-0.03609	-3.5E-4	0	-3.7E-4	-0.06733
-6.87293	-0.0211	-2.1E-4	0	-2.3E-4	-0.03937
-6.86193	-0.01126	-1.2E-4	0	-1.3E-4	-0.021
-6.85193	-0.00548	-6E-5	0	-7E-5	-0.01022
-6.84093	-0.00243	-3E-5	0	-3E-5	-0.00453
-6.82993	-9.8E-4	-1E-5	0	-1E-5	-0.00184
-6.81893	-3.6E-4	0	0	-1E-5	-6.8E-4
-6.80893	-1.2E-4	0	0	0	-2.3E-4
-6.79793	-4E-5	0	0	0	-7E-5
-6.78693	-1E-5	0	0	0	-2E-5
-6.77593	0	0	0	0	-1E-5
-6.76493	0	0	0	0	0
-6.75493	0	0	0	0	0
-6.74393	0	0	0	0	0
-6.73293	0	0	0	0	0
-6.72193	0	0	0	0	0
-6.71093	0	0	0	0	0
-6.70093	0	0	0	0	0
-6.68993	0	0	0	0	0
-6.67893	0	0	0	0	0
-6.66793	0	0	0	0	0
-6.65693	0	0	0	0	0
-6.64693	0	0	-1E-5	0	0
-6.63593	0	-1E-5	-1E-5	-1E-5	0
-6.62493	0	-1E-5	-2E-5	-1E-5	0
-6.61393	0	-1E-5	-2E-5	-1E-5	0
-6.60393	0	-1E-5	-2E-5	-1E-5	0
-6.59293	0	-2E-5	-3E-5	-2E-5	0
-6.58193	0	-2E-5	-2E-5	-2E-5	0
-6.57093	0	-1E-5	-2E-5	-1E-5	0
-6.55993	0	-1E-5	-2E-5	-1E-5	0
-6.54993	0	-1E-5	-1E-5	-1E-5	0
-6.53893	0	-1E-5	-1E-5	-1E-5	0
-6.52793	0	0	-2E-5	0	0
-6.51693	0	0	-6E-5	0	0
-6.50593	0	0	-2.1E-4	0	0
-6.49593	0	0	-6.4E-4	0	0
-6.48493	0	0	-0.00181	0	0
-6.47393	0	0	-0.00464	0	0
-6.46293	0	0	-0.01085	0	0
-6.45193	0	0	-0.02315	0	0
-6.44193	0	0	-0.04504	0	0
-6.43093	0	0	-0.07989	0	0
-6.41993	0	0	-0.1292	0	0
-6.40893	-1E-5	0	-0.1905	0	0
-6.39893	-1E-5	0	-0.256	0	0
-6.38793	-2E-5	0	-0.3138	0	0
-6.37693	-3E-5	0	-0.3507	0	0
-6.36593	-5E-5	0	-0.3573	-1E-5	0
-6.35493	-8E-5	-1E-5	-0.332	-1E-5	-1E-5
-6.34493	-1.2E-4	-1E-5	-0.2814	-1E-5	-1E-5
-6.33393	-1.8E-4	-1E-5	-0.2175	-1E-5	-2E-5
-6.32293	-2.5E-4	-1E-5	-0.1535	-1E-5	-2E-5
-6.31193	-3.2E-4	-2E-5	-0.09897	-2E-5	-3E-5
-6.30093	-3.7E-4	-2E-5	-0.05845	-2E-5	-3E-5
-6.29093	-3.9E-4	-2E-5	-0.03175	-2E-5	-3E-5
-6.27993	-3.7E-4	-2E-5	-0.01601	-2E-5	-3E-5
-6.26893	-3.3E-4	-2E-5	-0.00765	-2E-5	-3E-5
-6.25793	-2.7E-4	-2E-5	-0.00363	-2E-5	-2E-5
-6.24693	-2E-4	-3E-5	-0.00191	-3E-5	-2E-5
-6.23693	-1.4E-4	-4E-5	-0.00132	-4E-5	-2E-5
-6.22593	-1E-4	-5E-5	-0.00126	-5E-5	-1E-5
-6.21493	-7E-5	-6E-5	-0.00144	-6E-5	-1E-5
-6.20393	-6E-5	-8E-5	-0.00167	-8E-5	-1E-5
-6.19393	-5E-5	-1E-4	-0.00186	-1E-4	-2E-5
-6.18293	-5E-5	-1.3E-4	-0.00193	-1.3E-4	-2E-5
-6.17193	-5E-5	-1.8E-4	-0.00188	-1.8E-4	-2E-5
-6.16093	-4E-5	-2.7E-4	-0.00176	-2.8E-4	-2E-5
-6.14993	-4E-5	-4.2E-4	-0.00167	-4.3E-4	-2E-5
-6.13993	-3E-5	-6.4E-4	-0.0017	-6.5E-4	-2E-5
-6.12893	-2E-5	-9.2E-4	-0.00192	-9.3E-4	-4E-5
-6.11793	-2E-5	-0.00123	-0.00234	-0.00124	-5E-5
-6.10693	-2E-5	-0.00151	-0.00287	-0.00151	-8E-5
-6.09593	-3E-5	-0.00169	-0.00336	-0.00169	-1.2E-4
-6.08593	-4E-5	-0.00173	-0.00367	-0.00174	-1.5E-4
-6.07493	-4E-5	-0.00163	-0.00369	-0.00163	-1.8E-4
-6.06393	-5E-5	-0.00143	-0.0034	-0.00144	-2E-4
-6.05293	-5E-5	-0.00123	-0.00286	-0.00124	-2E-4
-6.04193	-4E-5	-0.00117	-0.0022	-0.0012	-1.9E-4
-6.03193	-4E-5	-0.00143	-0.00155	-0.00149	-1.6E-4
-6.02093	-3E-5	-0.00224	-0.00101	-0.00234	-1.2E-4
-6.00993	-2E-5	-0.00384	-6.2E-4	-0.00399	-8E-5
-5.99893	-1E-5	-0.00639	-3.8E-4	-0.00661	-5E-5
-5.98893	-1E-5	-0.00991	-2.7E-4	-0.01019	-3E-5
-5.97793	-1E-5	-0.01409	-2.7E-4	-0.0144	-2E-5
-5.96693	0	-0.0183	-3.6E-4	-0.01857	-1E-5
-5.95593	0	-0.02168	-5.3E-4	-0.02186	-1E-5
-5.94493	0	-0.02343	-7.7E-4	-0.02346	-1E-5
-5.93493	0	-0.02308	-0.00105	-0.02297	-1E-5
-5.92393	0	-0.02075	-0.00133	-0.02052	-1E-5
-5.91293	-1E-5	-0.01705	-0.00155	-0.01675	-2E-5
-5.90193	-1E-5	-0.01285	-0.00167	-0.01255	-4E-5
-5.89093	-2E-5	-0.00898	-0.00169	-0.00872	-6E-5
-5.88093	-3E-5	-0.00598	-0.00164	-0.00578	-9E-5
-5.86993	-5E-5	-0.00404	-0.00159	-0.00391	-1.3E-4
-5.85893	-8E-5	-0.00309	-0.00161	-0.00301	-1.7E-4
-5.84793	-1.3E-4	-0.0029	-0.00176	-0.00286	-2.1E-4
-5.83693	-1.8E-4	-0.00322	-0.00204	-0.00319	-2.5E-4
-5.82693	-2.3E-4	-0.00383	-0.00242	-0.00381	-2.8E-4
-5.81593	-2.9E-4	-0.00456	-0.00283	-0.00455	-3.1E-4
-5.80493	-3.4E-4	-0.00526	-0.00319	-0.00526	-3.4E-4
-5.79393	-3.8E-4	-0.00582	-0.00344	-0.00583	-3.7E-4
-5.78393	-4.1E-4	-0.00612	-0.00352	-0.00614	-4.2E-4
-5.77293	-4.2E-4	-0.0061	-0.00342	-0.00614	-4.7E-4
-5.76193	-4.3E-4	-0.00576	-0.00316	-0.00581	-5.4E-4
-5.75093	-4.4E-4	-0.00517	-0.00279	-0.00522	-6.1E-4
-5.73993	-4.5E-4	-0.00445	-0.00236	-0.0045	-7E-4
-5.72993	-4.7E-4	-0.00375	-0.00194	-0.0038	-7.9E-4
-5.71893	-5.3E-4	-0.00317	-0.00159	-0.0032	-9.1E-4
-5.70793	-6.5E-4	-0.00277	-0.00131	-0.00279	-0.00109
-5.69693	-9E-4	-0.00255	-0.00114	-0.00257	-0.00138
-5.68593	-0.00135	-0.0025	-0.00106	-0.00251	-0.00187
-5.67593	-0.00206	-0.00255	-0.00106	-0.00254	-0.00261
-5.66493	-0.00307	-0.00263	-0.0011	-0.00261	-0.00364
-5.65393	-0.00434	-0.00266	-0.00116	-0.00264	-0.00493
-5.64293	-0.00577	-0.00261	-0.00119	-0.00258	-0.0064
-5.63193	-0.00715	-0.00245	-0.00119	-0.00242	-0.00795
-5.62193	-0.00835	-0.00221	-0.00112	-0.00218	-0.00955
-5.61093	-0.00933	-0.00193	-9.9E-4	-0.00191	-0.01133
-5.59993	-0.01026	-0.00166	-8.3E-4	-0.00165	-0.01367
-5.58893	-0.01151	-0.00144	-6.6E-4	-0.00144	-0.01716
-5.57893	-0.01356	-0.00128	-5E-4	-0.0013	-0.02251
-5.56793	-0.0169	-0.00122	-3.7E-4	-0.00124	-0.03041
-5.55693	-0.02207	-0.00123	-2.8E-4	-0.00127	-0.04164
-5.54593	-0.02981	-0.0013	-2.4E-4	-0.00135	-0.05748
-5.53493	-0.04153	-0.00141	-2.4E-4	-0.00146	-0.08034
-5.52493	-0.05959	-0.00151	-2.8E-4	-0.00155	-0.1145
-5.51393	-0.08736	-0.00158	-3.5E-4	-0.00161	-0.1661
-5.50293	-0.1286	-0.0016	-4.3E-4	-0.00163	-0.2421
-5.49193	-0.186	-0.00159	-5.3E-4	-0.00161	-0.3477
-5.48093	-0.2597	-0.00157	-6.2E-4	-0.00158	-0.4832
-5.47093	-0.3457	-0.00155	-7.1E-4	-0.00155	-0.6413
-5.45993	-0.4354	-0.00154	-7.7E-4	-0.00155	-0.8066
-5.44893	-0.5169	-0.00155	-8.1E-4	-0.00156	-0.9572
-5.43793	-0.577	-0.00157	-8.4E-4	-0.00159	-1.069
-5.42693	-0.6046	-0.0016	-8.9E-4	-0.00163	-1.12
-5.41693	-0.5937	-0.00164	-9.7E-4	-0.00169	-1.101
-5.40593	-0.5453	-0.00169	-0.00112	-0.00175	-1.012
-5.39493	-0.4677	-0.00173	-0.00134	-0.00179	-0.8691
-5.38393	-0.374	-0.00174	-0.00163	-0.00181	-0.6959
-5.37393	-0.2791	-0.00169	-0.00195	-0.00176	-0.5201
-5.36293	-0.1953	-0.00158	-0.00227	-0.00164	-0.3647
-5.35193	-0.13	-0.00141	-0.00256	-0.00146	-0.2434
-5.34093	-0.08517	-0.00123	-0.00283	-0.00126	-0.1601
-5.32993	-0.05814	-0.00107	-0.00307	-0.00109	-0.11
-5.31993	-0.04393	-9.8E-4	-0.00331	-9.9E-4	-0.08369
-5.30893	-0.03711	-9.9E-4	-0.00355	-0.001	-0.07111
-5.29793	-0.03327	-0.0011	-0.0038	-0.00112	-0.06397
-5.28693	-0.0297	-0.00131	-0.00404	-0.00133	-0.05717
-5.27593	-0.02532	-0.00156	-0.00424	-0.00158	-0.04873
-5.26593	-0.02024	-0.00181	-0.0044	-0.00183	-0.03893
-5.25493	-0.01515	-0.00201	-0.00451	-0.00203	-0.02909
-5.24393	-0.0107	-0.00213	-0.00458	-0.00214	-0.0205
-5.23293	-0.00727	-0.00214	-0.0046	-0.00215	-0.01391
-5.22193	-0.0049	-0.00207	-0.00458	-0.00207	-0.00936
-5.21193	-0.00338	-0.00194	-0.00449	-0.00194	-0.00648
-5.20093	-0.00248	-0.00181	-0.00433	-0.00182	-0.00475
-5.18993	-0.00194	-0.00172	-0.0041	-0.00175	-0.00374
-5.17893	-0.00164	-0.00173	-0.0038	-0.00176	-0.00313
-5.16893	-0.00147	-0.00185	-0.00345	-0.00187	-0.00278
-5.15793	-0.00138	-0.00211	-0.00305	-0.00211	-0.00258
-5.14693	-0.00132	-0.00256	-0.00262	-0.00249	-0.00246
-5.13593	-0.00126	-0.00326	-0.00218	-0.00311	-0.00234
-5.12493	-0.00117	-0.00431	-0.00176	-0.00405	-0.00217
-5.11493	-0.00103	-0.00574	-0.00142	-0.00538	-0.00194
-5.10393	-8.6E-4	-0.00747	-0.00119	-0.00707	-0.00163
-5.09293	-6.8E-4	-0.00927	-0.0011	-0.00893	-0.0013
-5.08193	-5.1E-4	-0.01081	-0.00114	-0.01064	-9.8E-4
-5.07093	-3.7E-4	-0.01174	-0.00126	-0.01183	-7.2E-4
-5.06093	-2.6E-4	-0.01184	-0.0014	-0.01221	-5.2E-4
-5.04993	-1.9E-4	-0.01111	-0.0015	-0.01172	-3.9E-4
-5.03893	-1.5E-4	-0.00975	-0.0015	-0.01048	-3.1E-4
-5.02793	-1.2E-4	-0.00808	-0.00139	-0.00882	-2.5E-4
-5.01693	-1.1E-4	-0.00645	-0.0012	-0.00709	-2.1E-4
-5.00693	-9E-5	-0.00511	-9.7E-4	-0.00562	-1.8E-4
-4.99593	-9E-5	-0.00425	-7.6E-4	-0.00462	-1.7E-4
-4.98493	-9E-5	-0.00393	-6E-4	-0.00419	-1.7E-4
-4.97393	-1E-4	-0.00415	-5.2E-4	-0.00432	-2E-4
-4.96393	-1.3E-4	-0.00484	-5.2E-4	-0.00497	-2.6E-4
-4.95293	-1.7E-4	-0.00592	-6E-4	-0.00603	-3.3E-4
-4.94193	-2.2E-4	-0.00729	-7.2E-4	-0.00739	-4.1E-4
-4.93093	-2.6E-4	-0.0088	-8.5E-4	-0.0089	-4.8E-4
-4.91993	-2.9E-4	-0.01034	-9.6E-4	-0.01045	-5.2E-4
-4.90993	-3.1E-4	-0.01182	-0.00103	-0.01197	-5.4E-4
-4.89893	-3.1E-4	-0.01331	-0.00107	-0.01352	-5.2E-4
-4.88793	-2.9E-4	-0.01506	-0.0011	-0.01537	-4.7E-4
-4.87693	-2.6E-4	-0.01753	-0.00115	-0.01801	-4.2E-4
-4.86593	-2.4E-4	-0.02133	-0.00128	-0.02201	-3.7E-4
-4.85593	-2.3E-4	-0.02695	-0.00151	-0.02786	-3.5E-4
-4.84493	-2.3E-4	-0.03452	-0.00183	-0.03562	-3.7E-4
-4.83393	-2.6E-4	-0.04358	-0.0022	-0.04478	-4.4E-4
-4.82293	-3.1E-4	-0.05309	-0.00254	-0.05426	-5.6E-4
-4.81293	-3.9E-4	-0.06165	-0.00275	-0.06266	-7.4E-4
-4.80193	-5E-4	-0.06791	-0.00277	-0.06867	-9.7E-4
-4.79093	-6.4E-4	-0.07099	-0.00261	-0.07143	-0.00127
-4.77993	-8E-4	-0.07073	-0.00232	-0.07084	-0.00163
-4.76893	-0.00101	-0.0677	-0.002	-0.0675	-0.00206
-4.75893	-0.00127	-0.06295	-0.00176	-0.06249	-0.00261
-4.74793	-0.00168	-0.05764	-0.00171	-0.05696	-0.00344
-4.73693	-0.00248	-0.05266	-0.00188	-0.05181	-0.00499
-4.72593	-0.00417	-0.04846	-0.00229	-0.04751	-0.0082
-4.71493	-0.00766	-0.04503	-0.00287	-0.0441	-0.01477
-4.70493	-0.01427	-0.04211	-0.00349	-0.04131	-0.02721
-4.69393	-0.02567	-0.03932	-0.004	-0.03877	-0.04861
-4.68293	-0.04329	-0.03632	-0.00425	-0.0361	-0.08168
-4.67193	-0.06752	-0.03287	-0.00416	-0.033	-0.1271
-4.66093	-0.09677	-0.02888	-0.00374	-0.02931	-0.182
-4.65093	-0.1271	-0.02442	-0.0031	-0.02504	-0.2388
-4.63993	-0.1526	-0.01972	-0.00239	-0.02041	-0.2866
-4.62893	-0.1674	-0.01515	-0.00178	-0.01579	-0.3145
-4.61793	-0.1679	-0.01106	-0.00135	-0.0116	-0.3152
-4.60793	-0.1537	-0.00777	-0.00115	-0.00817	-0.2885
-4.59693	-0.1285	-0.00538	-0.00116	-0.00566	-0.2412
-4.58593	-0.09807	-0.00391	-0.00133	-0.00408	-0.1841
-4.57493	-0.06838	-0.00321	-0.0016	-0.00332	-0.1283
-4.56393	-0.04356	-0.00313	-0.00189	-0.00319	-0.0817
-4.55393	-0.02538	-0.00345	-0.00215	-0.0035	-0.04755
-4.54293	-0.01355	-0.004	-0.00234	-0.00402	-0.02534
-4.53193	-0.00667	-0.00455	-0.00243	-0.00456	-0.0124
-4.52093	-0.00306	-0.00495	-0.0024	-0.00494	-0.00562
-4.50993	-0.00134	-0.00507	-0.00226	-0.00503	-0.0024
-4.49993	-6E-4	-0.00485	-0.00202	-0.0048	-0.00101
-4.48893	-2.9E-4	-0.00435	-0.00173	-0.00429	-4.5E-4
-4.47793	-1.7E-4	-0.00366	-0.00143	-0.00361	-2.4E-4
-4.46693	-1.2E-4	-0.00293	-0.00115	-0.00289	-1.5E-4
-4.45593	-9E-5	-0.00227	-9.2E-4	-0.00225	-1.1E-4
-4.44593	-7E-5	-0.00175	-7.5E-4	-0.00174	-9E-5
-4.43493	-5E-5	-0.00138	-6.3E-4	-0.00138	-7E-5
-4.42393	-4E-5	-0.00114	-5.5E-4	-0.00115	-6E-5
-4.41293	-3E-5	-9.9E-4	-5.2E-4	-0.001	-5E-5
-4.40293	-3E-5	-9E-4	-5.6E-4	-9.2E-4	-4E-5
-4.39193	-3E-5	-8.9E-4	-7E-4	-9.1E-4	-4E-5
-4.38093	-4E-5	-9.7E-4	-0.001	-9.9E-4	-4E-5
-4.36993	-5E-5	-0.00117	-0.00148	-0.00119	-4E-5
-4.35893	-8E-5	-0.00152	-0.00214	-0.00154	-4E-5
-4.34893	-1.1E-4	-0.002	-0.00291	-0.00202	-5E-5
-4.33793	-1.4E-4	-0.00255	-0.00367	-0.00258	-6E-5
-4.32693	-1.7E-4	-0.00309	-0.00426	-0.00312	-7E-5
-4.31593	-2E-4	-0.00352	-0.00457	-0.00355	-8E-5
-4.30493	-2.1E-4	-0.00379	-0.00454	-0.00382	-8E-5
-4.29493	-2.1E-4	-0.00387	-0.00422	-0.00389	-8E-5
-4.28393	-2E-4	-0.00381	-0.00374	-0.00382	-8E-5
-4.27293	-1.8E-4	-0.00368	-0.00325	-0.00369	-8E-5
-4.26193	-1.5E-4	-0.00357	-0.00292	-0.00357	-7E-5
-4.25093	-1.3E-4	-0.00354	-0.00284	-0.00353	-8E-5
-4.24093	-1.2E-4	-0.00361	-0.00305	-0.00361	-8E-5
-4.22993	-1.1E-4	-0.00377	-0.00349	-0.00379	-8E-5
-4.21893	-1E-4	-0.00397	-0.00405	-0.00402	-8E-5
-4.20793	-9E-5	-0.00417	-0.00459	-0.00425	-8E-5
-4.19793	-8E-5	-0.00431	-0.00498	-0.00442	-7E-5
-4.18693	-8E-5	-0.00435	-0.00513	-0.00447	-6E-5
-4.17593	-7E-5	-0.00427	-0.00507	-0.0044	-4E-5
-4.16493	-6E-5	-0.00408	-0.00486	-0.0042	-4E-5
-4.15393	-6E-5	-0.00379	-0.00462	-0.0039	-3E-5
-4.14393	-7E-5	-0.00346	-0.00448	-0.00355	-3E-5
-4.13293	-8E-5	-0.00313	-0.0045	-0.00321	-3E-5
-4.12193	-9E-5	-0.00287	-0.00469	-0.00293	-3E-5
-4.11093	-1.1E-4	-0.00269	-0.00502	-0.00274	-3E-5
-4.09993	-1.3E-4	-0.0026	-0.00543	-0.00264	-3E-5
-4.08993	-1.4E-4	-0.00258	-0.00587	-0.00261	-3E-5
-4.07893	-1.5E-4	-0.00259	-0.00629	-0.00262	-2E-5
-4.06793	-1.5E-4	-0.00261	-0.00668	-0.00264	-2E-5
-4.05693	-1.4E-4	-0.00263	-0.00705	-0.00266	-2E-5
-4.04593	-1.4E-4	-0.00266	-0.00741	-0.00269	-3E-5
-4.03593	-1.3E-4	-0.00275	-0.00774	-0.00278	-3E-5
-4.02493	-1.3E-4	-0.00295	-0.00796	-0.00298	-4E-5
-4.01393	-1.3E-4	-0.00331	-0.00801	-0.00336	-5E-5
-4.00293	-1.3E-4	-0.0039	-0.00779	-0.00396	-6E-5
-3.99293	-1.3E-4	-0.00472	-0.00728	-0.00481	-6E-5
-3.98193	-1.3E-4	-0.00576	-0.00655	-0.00589	-6E-5
-3.97093	-1.2E-4	-0.00698	-0.00576	-0.00713	-6E-5
-3.95993	-1.2E-4	-0.00828	-0.0051	-0.00845	-6E-5
-3.94893	-1.2E-4	-0.00953	-0.00481	-0.0097	-6E-5
-3.93893	-1.3E-4	-0.01059	-0.00504	-0.01075	-6E-5
-3.92793	-1.4E-4	-0.01134	-0.00593	-0.01148	-6E-5
-3.91693	-1.6E-4	-0.01171	-0.00752	-0.01182	-6E-5
-3.90593	-1.8E-4	-0.0117	-0.00983	-0.0118	-6E-5
-3.89493	-2E-4	-0.01145	-0.01281	-0.01155	-6E-5
-3.88493	-2E-4	-0.01115	-0.01633	-0.01129	-6E-5
-3.87393	-2E-4	-0.01108	-0.02011	-0.01127	-6E-5
-3.86293	-1.8E-4	-0.01148	-0.0237	-0.01172	-7E-5
-3.85193	-1.5E-4	-0.01242	-0.02659	-0.01271	-8E-5
-3.84093	-1.2E-4	-0.01378	-0.02839	-0.01411	-1E-4
-3.83093	-1E-4	-0.01521	-0.02898	-0.01556	-1.2E-4
-3.81993	-9E-5	-0.01625	-0.02861	-0.01661	-1.4E-4
-3.80893	-9E-5	-0.01648	-0.02768	-0.01682	-1.6E-4
-3.79793	-1.1E-4	-0.01571	-0.02656	-0.01601	-1.7E-4
-3.78793	-1.4E-4	-0.01404	-0.02534	-0.01429	-1.7E-4
-3.77693	-1.7E-4	-0.0118	-0.02387	-0.01201	-1.6E-4
-3.76593	-2E-4	-0.00944	-0.02189	-0.00959	-1.4E-4
-3.75493	-2.3E-4	-0.0073	-0.01927	-0.00742	-1.2E-4
-3.74393	-2.4E-4	-0.00559	-0.01612	-0.00567	-1E-4
-3.73393	-2.4E-4	-0.00435	-0.01279	-0.00441	-9E-5
-3.72293	-2.2E-4	-0.00354	-0.00975	-0.00357	-8E-5
-3.71193	-2E-4	-0.00307	-0.00741	-0.00309	-6E-5
-3.70093	-1.8E-4	-0.00287	-0.00607	-0.00287	-5E-5
-3.68993	-1.7E-4	-0.00287	-0.00587	-0.00288	-4E-5
-3.67993	-1.8E-4	-0.00304	-0.00684	-0.00306	-4E-5
-3.66893	-2.2E-4	-0.00335	-0.00887	-0.00339	-3E-5
-3.65793	-2.9E-4	-0.00379	-0.01168	-0.00387	-3E-5
-3.64693	-3.7E-4	-0.00442	-0.01483	-0.00455	-2E-5
-3.63593	-4.5E-4	-0.00533	-0.01768	-0.00552	-2E-5
-3.62593	-5E-4	-0.00672	-0.01959	-0.00695	-2E-5
-3.61493	-5.3E-4	-0.00887	-0.0201	-0.00915	-3E-5
-3.60393	-5.1E-4	-0.01216	-0.01909	-0.01247	-4E-5
-3.59293	-4.7E-4	-0.01692	-0.01684	-0.01725	-6E-5
-3.58293	-4.2E-4	-0.02322	-0.01391	-0.02359	-9E-5
-3.57193	-3.8E-4	-0.03074	-0.01091	-0.03112	-1.3E-4
-3.56093	-3.6E-4	-0.03857	-0.00829	-0.03898	-1.9E-4
-3.54993	-3.8E-4	-0.04551	-0.00626	-0.04592	-2.5E-4
-3.53893	-4.1E-4	-0.05038	-0.00481	-0.05075	-3.1E-4
-3.52893	-4.5E-4	-0.0525	-0.00378	-0.0528	-3.6E-4
-3.51793	-4.9E-4	-0.05196	-0.00303	-0.05216	-3.9E-4
-3.50693	-5.2E-4	-0.04945	-0.00246	-0.04954	-4.1E-4
-3.49593	-5.4E-4	-0.0459	-0.00203	-0.0459	-4.2E-4
-3.48493	-5.7E-4	-0.04207	-0.00171	-0.04201	-4.2E-4
-3.47493	-5.8E-4	-0.03828	-0.0015	-0.03821	-4.1E-4
-3.46393	-5.9E-4	-0.03458	-0.0014	-0.03454	-3.9E-4
-3.45293	-5.7E-4	-0.03099	-0.0014	-0.03101	-3.6E-4
-3.44193	-5.3E-4	-0.02782	-0.00146	-0.0279	-3.2E-4
-3.43093	-4.6E-4	-0.02566	-0.00158	-0.02583	-2.6E-4
-3.42093	-3.9E-4	-0.02533	-0.00176	-0.02563	-2E-4
-3.40993	-3.1E-4	-0.02764	-0.002	-0.02812	-1.5E-4
-3.39893	-2.4E-4	-0.03322	-0.00234	-0.03397	-1.1E-4
-3.38793	-1.9E-4	-0.04246	-0.0028	-0.04356	-8E-5
-3.37793	-1.5E-4	-0.05546	-0.00338	-0.05698	-6E-5
-3.36693	-1.4E-4	-0.07199	-0.00405	-0.07394	-5E-5
-3.35593	-1.6E-4	-0.09135	-0.00477	-0.09361	-6E-5
-3.34493	-2.2E-4	-0.1122	-0.00549	-0.1145	-9E-5
-3.33393	-3.4E-4	-0.1325	-0.00617	-0.1346	-1.4E-4
-3.32393	-5.2E-4	-0.1498	-0.0068	-0.1514	-2.4E-4
-3.31293	-7.9E-4	-0.1619	-0.00738	-0.1626	-4E-4
-3.30193	-0.00115	-0.1673	-0.00789	-0.1671	-6.1E-4
-3.29093	-0.00157	-0.1664	-0.00827	-0.1651	-8.9E-4
-3.27993	-0.00201	-0.1607	-0.00847	-0.1587	-0.00119
-3.26993	-0.0024	-0.1532	-0.00843	-0.1507	-0.0015
-3.25893	-0.00269	-0.1466	-0.00815	-0.1438	-0.00176
-3.24793	-0.00283	-0.1425	-0.00772	-0.1397	-0.00194
-3.23693	-0.00281	-0.1415	-0.00726	-0.1388	-0.002
-3.22593	-0.00266	-0.1425	-0.00688	-0.1402	-0.00195
-3.21593	-0.00242	-0.1442	-0.00669	-0.1424	-0.0018
-3.20493	-0.00213	-0.1451	-0.00674	-0.144	-0.00159
-3.19393	-0.00183	-0.1439	-0.00708	-0.1436	-0.00136
-3.18293	-0.00154	-0.1395	-0.00777	-0.1399	-0.00114
-3.17293	-0.00128	-0.1311	-0.00888	-0.1321	-9.6E-4
-3.16193	-0.00103	-0.1188	-0.01044	-0.1201	-8.3E-4
-3.15093	-8.1E-4	-0.1035	-0.01239	-0.1047	-7.7E-4
-3.13993	-6.3E-4	-0.08685	-0.01453	-0.08787	-7.5E-4
-3.12893	-5E-4	-0.07107	-0.01656	-0.07174	-7.7E-4
-3.11893	-4.2E-4	-0.05794	-0.01815	-0.05826	-8.1E-4
-3.10793	-4.1E-4	-0.04843	-0.01904	-0.04846	-8.6E-4
-3.09693	-4.8E-4	-0.04242	-0.01917	-0.04226	-9.2E-4
-3.08593	-6.7E-4	-0.03899	-0.01865	-0.03872	-0.00103
-3.07493	-0.00105	-0.0369	-0.01772	-0.03658	-0.00127
-3.06493	-0.00173	-0.03512	-0.01668	-0.03478	-0.00173
-3.05393	-0.00286	-0.0331	-0.0158	-0.03277	-0.00251
-3.04293	-0.00465	-0.0308	-0.01532	-0.03052	-0.00374
-3.03193	-0.00739	-0.02848	-0.01534	-0.02827	-0.00553
-3.02093	-0.01146	-0.0264	-0.01586	-0.0263	-0.00802
-3.01093	-0.01729	-0.02471	-0.01674	-0.02472	-0.01134
-2.99993	-0.02526	-0.02335	-0.01775	-0.02346	-0.01559
-2.98893	-0.03548	-0.02217	-0.01863	-0.02238	-0.02078
-2.97793	-0.04757	-0.02105	-0.01926	-0.02133	-0.02669
-2.96793	-0.06053	-0.01999	-0.01962	-0.0203	-0.03283
-2.95693	-0.07297	-0.01904	-0.01985	-0.01937	-0.03856
-2.94593	-0.08358	-0.01826	-0.02008	-0.01859	-0.04333
-2.93493	-0.09201	-0.01765	-0.02043	-0.01797	-0.04707
-2.92393	-0.09941	-0.01711	-0.02094	-0.01743	-0.05053
-2.91393	-0.1086	-0.0165	-0.02177	-0.01681	-0.05527
-2.90293	-0.1235	-0.01571	-0.02329	-0.01603	-0.06325
-2.89193	-0.1471	-0.01477	-0.02619	-0.01508	-0.07609
-2.88093	-0.1801	-0.01374	-0.0313	-0.01404	-0.09406
-2.86993	-0.2194	-0.01276	-0.03929	-0.01305	-0.1153
-2.85993	-0.2576	-0.01194	-0.05026	-0.01222	-0.1361
-2.84893	-0.2856	-0.01135	-0.06347	-0.01162	-0.1515
-2.83793	-0.2954	-0.01099	-0.07732	-0.01124	-0.1572
-2.82693	-0.2834	-0.0108	-0.08975	-0.01104	-0.1515
-2.81593	-0.2521	-0.01071	-0.09874	-0.01092	-0.1355
-2.80593	-0.2088	-0.01064	-0.1029	-0.01083	-0.113
-2.79493	-0.1622	-0.01058	-0.1018	-0.01072	-0.08868
-2.78393	-0.1199	-0.01052	-0.09609	-0.01061	-0.06634
-2.77293	-0.08589	-0.01051	-0.08687	-0.01053	-0.04816
-2.76293	-0.06086	-0.01058	-0.07562	-0.01052	-0.03456
-2.75193	-0.04334	-0.01072	-0.0637	-0.0106	-0.02482
-2.74093	-0.03117	-0.01094	-0.05217	-0.01077	-0.01785
-2.72993	-0.0225	-0.01122	-0.04176	-0.01103	-0.01275
-2.71893	-0.01616	-0.01158	-0.03288	-0.01139	-0.00894
-2.70893	-0.01152	-0.01207	-0.0257	-0.01191	-0.00612
-2.69793	-0.00823	-0.01281	-0.0202	-0.01269	-0.00411
-2.68693	-0.00607	-0.01393	-0.01622	-0.01385	-0.00279
-2.67593	-0.00475	-0.0155	-0.01362	-0.01548	-0.002
-2.66493	-0.00402	-0.01745	-0.01228	-0.01748	-0.0016
-2.65493	-0.00364	-0.01948	-0.01221	-0.01956	-0.00144
-2.64393	-0.00343	-0.02113	-0.01344	-0.02128	-0.00141
-2.63293	-0.00329	-0.02197	-0.01589	-0.02217	-0.00145
-2.62193	-0.00318	-0.02175	-0.01928	-0.02198	-0.00152
-2.61093	-0.00313	-0.02056	-0.02297	-0.0208	-0.00161
-2.60093	-0.00316	-0.0188	-0.02617	-0.01901	-0.00173
-2.58993	-0.00332	-0.01699	-0.02808	-0.01716	-0.00189
-2.57893	-0.00361	-0.01559	-0.02819	-0.01572	-0.0021
-2.56793	-0.00403	-0.01485	-0.02648	-0.01496	-0.00236
-2.55793	-0.00455	-0.01475	-0.02334	-0.01485	-0.00265
-2.54693	-0.00506	-0.01504	-0.0194	-0.01517	-0.00291
-2.53593	-0.00543	-0.01542	-0.01533	-0.01559	-0.00309
-2.52493	-0.00553	-0.0156	-0.01163	-0.01583	-0.00312
-2.51393	-0.00529	-0.01546	-0.00864	-0.01576	-0.00297
-2.50393	-0.00473	-0.01511	-0.00652	-0.01547	-0.00266
-2.49293	-0.00392	-0.01486	-0.00531	-0.01526	-0.00225
-2.48193	-0.00302	-0.01519	-0.00496	-0.01562	-0.00181
-2.47093	-0.00218	-0.01653	-0.00532	-0.017	-0.00141
-2.45993	-0.00147	-0.01912	-0.00616	-0.01967	-0.00109
-2.44993	-9.5E-4	-0.02281	-0.00717	-0.0235	-8.6E-4
-2.43893	-6E-4	-0.02698	-0.00805	-0.0279	-7.1E-4
-2.42793	-3.8E-4	-0.03072	-0.00852	-0.03194	-6.2E-4
-2.41693	-2.5E-4	-0.03306	-0.0084	-0.03457	-5.7E-4
-2.40593	-1.7E-4	-0.03328	-0.0077	-0.03503	-5.4E-4
-2.39593	-1.3E-4	-0.03124	-0.00654	-0.03307	-5.4E-4
-2.38493	-1E-4	-0.02731	-0.00514	-0.02905	-5.6E-4
-2.37393	-8E-5	-0.0223	-0.00374	-0.02378	-5.7E-4
-2.36293	-7E-5	-0.01708	-0.00252	-0.01821	-5.8E-4
-2.35293	-6E-5	-0.01235	-0.00159	-0.01313	-5.6E-4
-2.34193	-6E-5	-0.00854	-9.5E-4	-0.00901	-5.1E-4
-2.33093	-5E-5	-0.00572	-5.5E-4	-0.00598	-4.3E-4
-2.31993	-4E-5	-0.00379	-3.2E-4	-0.00392	-3.3E-4
-2.30893	-3E-5	-0.00255	-1.9E-4	-0.0026	-2.4E-4
-2.29893	-2E-5	-0.00179	-1.2E-4	-0.00181	-1.6E-4
-2.28793	-2E-5	-0.00136	-8E-5	-0.00137	-1.1E-4
-2.27693	-1E-5	-0.00117	-7E-5	-0.00117	-7E-5
-2.26593	-1E-5	-0.00114	-6E-5	-0.00113	-6E-5
-2.25493	-1E-5	-0.0012	-6E-5	-0.00119	-5E-5
-2.24493	-1E-5	-0.00129	-7E-5	-0.00128	-5E-5
-2.23393	-1E-5	-0.00136	-7E-5	-0.00136	-5E-5
-2.22293	-1E-5	-0.00139	-7E-5	-0.00139	-5E-5
-2.21193	-1E-5	-0.00134	-6E-5	-0.00134	-4E-5
-2.20093	-1E-5	-0.00122	-5E-5	-0.00123	-3E-5
-2.19093	-1E-5	-0.00104	-4E-5	-0.00105	-2E-5
-2.17993	0	-8.3E-4	-3E-5	-8.5E-4	-2E-5
-2.16893	0	-6.2E-4	-2E-5	-6.3E-4	-1E-5
-2.15793	0	-4.3E-4	-1E-5	-4.4E-4	-1E-5
-2.14793	0	-2.7E-4	0	-2.8E-4	0
-2.13693	0	-1.6E-4	0	-1.7E-4	0
-2.12593	0	-9E-5	0	-9E-5	0
-2.11493	0	-4E-5	0	-4E-5	0
-2.10393	0	-2E-5	0	-2E-5	0
-2.09393	0	-1E-5	-1E-5	-1E-5	0
-2.08293	0	0	-2E-5	-1E-5	0
-2.07193	0	0	-4E-5	0	0
-2.06093	0	-1E-5	-7E-5	-1E-5	0
-2.04993	0	-1E-5	-1E-4	-1E-5	0
-2.03993	0	-1E-5	-1.5E-4	-2E-5	0
-2.02893	0	-2E-5	-2E-4	-2E-5	0
-2.01793	0	-2E-5	-2.5E-4	-3E-5	0
-2.00693	0	-3E-5	-3E-4	-3E-5	0
-1.99593	0	-5E-5	-3.6E-4	-5E-5	0
-1.98593	0	-7E-5	-4.4E-4	-7E-5	0
-1.97493	0	-1.2E-4	-5.8E-4	-1.2E-4	0
-1.96393	-1E-5	-2E-4	-8E-4	-2E-4	-1E-5
-1.95293	-1E-5	-3.3E-4	-0.00111	-3.4E-4	-1E-5
-1.94293	-1E-5	-5.1E-4	-0.0015	-5.2E-4	-1E-5
-1.93193	-1E-5	-7.4E-4	-0.00193	-7.5E-4	-2E-5
-1.92093	-1E-5	-9.9E-4	-0.00231	-0.00101	-3E-5
-1.90993	-1E-5	-0.00122	-0.00259	-0.00124	-3E-5
-1.89893	-1E-5	-0.00138	-0.00269	-0.0014	-3E-5
-1.88893	-1E-5	-0.00144	-0.0026	-0.00146	-3E-5
-1.87793	-1E-5	-0.00137	-0.00235	-0.00138	-3E-5
-1.86693	-1E-5	-0.00119	-0.00204	-0.0012	-3E-5
-1.85593	-1E-5	-9.4E-4	-0.00175	-9.5E-4	-2E-5
-1.84493	0	-6.8E-4	-0.00157	-6.9E-4	-2E-5
-1.83493	0	-4.5E-4	-0.00153	-4.6E-4	-1E-5
-1.82393	0	-2.7E-4	-0.00161	-2.8E-4	-1E-5
-1.81293	0	-1.5E-4	-0.00173	-1.5E-4	0
-1.80193	0	-8E-5	-0.00182	-8E-5	0
-1.79093	0	-3E-5	-0.00179	-3E-5	0
-1.78093	0	-1E-5	-0.00164	-1E-5	0
-1.76993	0	-1E-5	-0.00137	-1E-5	0
-1.75893	0	0	-0.00105	0	0
-1.74793	0	0	-7.4E-4	0	0
-1.73793	0	0	-4.7E-4	0	0
-1.72693	0	0	-2.7E-4	0	0
-1.71593	0	0	-1.5E-4	0	0
-1.70493	0	0	-7E-5	0	0
-1.69393	0	0	-3E-5	0	0
-1.68393	0	0	-1E-5	0	0
-1.67293	0	0	0	0	0
-1.66193	0	0	0	0	0
-1.65093	0	0	0	0	0
-1.63993	0	0	0	0	0
-1.62993	0	0	0	0	0
-1.61893	0	0	0	0	0
-1.60793	0	0	0	0	0
-1.59693	0	0	0	0	0
-1.58593	0	0	0	0	0
-1.57593	0	0	0	0	0
-1.56493	0	0	0	0	0
-1.55393	0	0	0	0	0
-1.54293	0	0	0	0	0
-1.53293	0	0	0	0	0
-1.52193	0	0	-1E-5	0	0
-1.51093	0	0	-2E-5	0	0
-1.49993	0	0	-4E-5	0	0
-1.48893	0	0	-7E-5	0	0
-1.47893	0	-1E-5	-1.1E-4	0	0
-1.46793	-1E-5	-1E-5	-1.7E-4	-1E-5	0
-1.45693	-1E-5	-2E-5	-2.3E-4	-2E-5	0
-1.44593	-1E-5	-3E-5	-3E-4	-2E-5	0
-1.43493	-2E-5	-4E-5	-3.5E-4	-4E-5	-1E-5
-1.42493	-3E-5	-5E-5	-3.8E-4	-5E-5	-1E-5
-1.41393	-3E-5	-6E-5	-3.7E-4	-6E-5	-1E-5
-1.40293	-4E-5	-7E-5	-3.4E-4	-6E-5	-1E-5
-1.39193	-4E-5	-7E-5	-2.9E-4	-7E-5	-1E-5
-1.38193	-4E-5	-7E-5	-2.3E-4	-6E-5	-1E-5
-1.37093	-3E-5	-6E-5	-1.7E-4	-5E-5	-1E-5
-1.35993	-3E-5	-5E-5	-1.3E-4	-5E-5	-1E-5
-1.34893	-2E-5	-4E-5	-1.2E-4	-4E-5	-1E-5
-1.33793	-2E-5	-4E-5	-1.7E-4	-4E-5	-1E-5
-1.32793	-2E-5	-5E-5	-3E-4	-5E-5	-1E-5
-1.31693	-2E-5	-8E-5	-5.7E-4	-8E-5	-1E-5
-1.30593	-3E-5	-1.3E-4	-0.00103	-1.4E-4	-1E-5
-1.29493	-5E-5	-2.1E-4	-0.00171	-2.2E-4	-2E-5
-1.28393	-6E-5	-3.2E-4	-0.00261	-3.2E-4	-2E-5
-1.27393	-8E-5	-4.3E-4	-0.00363	-4.4E-4	-3E-5
-1.26293	-9E-5	-5.3E-4	-0.00461	-5.4E-4	-3E-5
-1.25193	-1E-4	-6E-4	-0.00534	-6.1E-4	-4E-5
-1.24093	-1E-4	-6.2E-4	-0.00563	-6.3E-4	-4E-5
-1.22993	-9E-5	-5.9E-4	-0.00542	-5.9E-4	-3E-5
-1.21993	-7E-5	-5E-4	-0.00476	-5E-4	-3E-5
-1.20893	-5E-5	-3.9E-4	-0.0038	-3.9E-4	-2E-5
-1.19793	-3E-5	-2.8E-4	-0.00278	-2.8E-4	-1E-5
-1.18693	-2E-5	-1.8E-4	-0.00185	-1.8E-4	-1E-5
-1.17693	-1E-5	-1.1E-4	-0.00112	-1.1E-4	0
-1.16593	-1E-5	-6E-5	-6.2E-4	-6E-5	0
-1.15493	0	-3E-5	-3.1E-4	-3E-5	0
-1.14393	0	-1E-5	-1.4E-4	-1E-5	0
-1.13293	0	-1E-5	-6E-5	-1E-5	0
-1.12293	0	0	-2E-5	0	0
-1.11193	0	0	-1E-5	0	0
-1.10093	0	0	0	0	0
-1.08993	0	0	0	0	0
-1.07893	0	0	0	0	0
-1.06893	0	0	-1E-5	0	0
-1.05793	0	0	-3E-5	0	0
-1.04693	0	-1E-5	-7E-5	-1E-5	0
-1.03593	0	-3E-5	-1.7E-4	-3E-5	0
-1.02493	0	-7E-5	-3.5E-4	-7E-5	0
-1.01493	-1E-5	-1.4E-4	-6.9E-4	-1.4E-4	0
-1.00393	-2E-5	-2.7E-4	-0.00124	-2.6E-4	-1E-5
-0.99293	-3E-5	-4.5E-4	-0.00201	-4.4E-4	-1E-5
-0.98193	-4E-5	-6.9E-4	-0.00298	-6.8E-4	-1E-5
-0.97193	-6E-5	-9.7E-4	-0.00402	-9.5E-4	-2E-5
-0.96093	-8E-5	-0.00124	-0.00495	-0.00122	-3E-5
-0.94993	-9E-5	-0.00144	-0.00556	-0.00143	-3E-5
-0.93893	-9E-5	-0.00153	-0.00569	-0.00152	-3E-5
-0.92793	-9E-5	-0.00149	-0.00531	-0.00147	-3E-5
-0.91793	-8E-5	-0.00131	-0.00452	-0.0013	-3E-5
-0.90693	-7E-5	-0.00106	-0.00351	-0.00105	-2E-5
-0.89593	-5E-5	-7.8E-4	-0.00248	-7.8E-4	-2E-5
-0.88493	-3E-5	-5.2E-4	-0.0016	-5.2E-4	-1E-5
-0.87393	-3E-5	-3.2E-4	-9.4E-4	-3.2E-4	-1E-5
-0.86393	-6E-5	-1.9E-4	-5E-4	-1.9E-4	-3E-5
-0.85293	-2.1E-4	-1.6E-4	-2.5E-4	-1.5E-4	-1.1E-4
-0.84193	-7.7E-4	-3.4E-4	-1.1E-4	-3E-4	-4.1E-4
-0.83093	-0.00266	-0.0011	-4E-5	-9.7E-4	-0.00142
-0.81993	-0.00838	-0.00358	-2E-5	-0.00319	-0.00447
-0.80993	-0.02411	-0.01081	-1E-5	-0.00971	-0.01287
-0.79893	-0.06326	-0.02977	0	-0.02698	-0.03377
-0.78793	-0.1513	-0.07479	-1E-5	-0.06837	-0.0808
-0.77693	-0.3301	-0.1713	-2E-5	-0.158	-0.1762
-0.76693	-0.6564	-0.3577	-3E-5	-0.3329	-0.3505
-0.75593	-1.19	-0.6811	-7E-5	-0.6395	-0.6356
-0.74493	-1.968	-1.182	-1.2E-4	-1.12	-1.051
-0.73393	-2.967	-1.872	-1.8E-4	-1.789	-1.584
-0.72293	-4.078	-2.701	-2.7E-4	-2.606	-2.178
-0.71293	-5.111	-3.554	-3.6E-4	-3.46	-2.73
-0.70193	-5.841	-4.264	-4.3E-4	-4.19	-3.12
-0.69093	-6.086	-4.665	-4.8E-4	-4.626	-3.251
-0.67993	-5.783	-4.653	-4.8E-4	-4.657	-3.089
-0.66893	-5.01	-4.231	-4.4E-4	-4.275	-2.677
-0.65893	-3.958	-3.508	-3.7E-4	-3.578	-2.115
-0.64793	-2.851	-2.652	-2.8E-4	-2.73	-1.524
-0.63693	-1.873	-1.828	-2E-4	-1.9	-1.001
-0.62593	-1.122	-1.149	-1.2E-4	-1.205	-0.5995
-0.61493	-0.6127	-0.6582	-7E-5	-0.6971	-0.3275
-0.60493	-0.3051	-0.3439	-4E-5	-0.3676	-0.1631
-0.59393	-0.1386	-0.1638	-2E-5	-0.1768	-0.07408
-0.58293	-0.05738	-0.07112	-1E-5	-0.0775	-0.03068
-0.57193	-0.02167	-0.02816	0	-0.03098	-0.01159
-0.56193	-0.00746	-0.01017	0	-0.01129	-0.00399
-0.55093	-0.00234	-0.00335	0	-0.00375	-0.00125
-0.53993	-6.7E-4	-0.00101	0	-0.00114	-3.6E-4
-0.52893	-1.8E-4	-2.9E-4	0	-3.3E-4	-9E-5
-0.51793	-4E-5	-1E-4	0	-1.1E-4	-2E-5
-0.50793	-1E-5	-7E-5	0	-7E-5	-1E-5
-0.49693	0	-1E-4	0	-1E-4	0
-0.48593	0	-1.6E-4	-1E-5	-1.5E-4	0
-0.47493	0	-2.2E-4	-1E-5	-2.2E-4	0
-0.46393	0	-2.9E-4	-1E-5	-2.9E-4	0
-0.45393	0	-3.5E-4	-1E-5	-3.4E-4	0
-0.44293	0	-3.8E-4	-1E-5	-3.8E-4	0
-0.43193	0	-3.8E-4	-1E-5	-3.8E-4	0
-0.42093	0	-3.5E-4	-1E-5	-3.4E-4	0
-0.40993	0	-2.9E-4	-1E-5	-2.8E-4	0
-0.39993	0	-2.2E-4	-1E-5	-2.1E-4	0
-0.38893	0	-1.5E-4	-1E-5	-1.5E-4	0
-0.37793	0	-9E-5	0	-9E-5	0
-0.36693	0	-5E-5	0	-5E-5	0
-0.35693	0	-3E-5	0	-3E-5	0
-0.34593	0	-1E-5	0	-1E-5	0
-0.33493	0	-1E-5	0	-1E-5	0
-0.32393	0	0	0	0	0
-0.31293	0	0	0	0	0
-0.30293	0	0	-1E-5	0	0
-0.29193	0	0	-3E-5	0	0
-0.28093	0	-1E-5	-7E-5	-1E-5	0
-0.26993	0	-1E-5	-1.7E-4	-1E-5	0
-0.25893	0	-3E-5	-3.5E-4	-3E-5	0
-0.24893	0	-6E-5	-6.8E-4	-5E-5	0
-0.23793	0	-1E-4	-0.00121	-1E-4	0
-0.22693	-1E-5	-1.6E-4	-0.00196	-1.6E-4	0
-0.21593	-1E-5	-2.5E-4	-0.0029	-2.4E-4	0
-0.20493	-1E-5	-3.4E-4	-0.00394	-3.4E-4	0
-0.19493	-2E-5	-4.3E-4	-0.00491	-4.3E-4	0
-0.18393	-2E-5	-5.1E-4	-0.00562	-5.1E-4	0
-0.17293	-2E-5	-5.6E-4	-0.00594	-5.6E-4	0
-0.16193	-2E-5	-5.9E-4	-0.00585	-5.8E-4	0
-0.15193	-2E-5	-5.8E-4	-0.00541	-5.8E-4	0
-0.14093	-2E-5	-5.5E-4	-0.00477	-5.5E-4	0
-0.12993	-1E-5	-5.2E-4	-0.00406	-5.1E-4	0
-0.11893	-1E-5	-4.8E-4	-0.0034	-4.7E-4	0
-0.10793	-1E-5	-4.4E-4	-0.00282	-4.3E-4	0
-0.09793	-1E-5	-4.1E-4	-0.00238	-4E-4	0
-0.08693	-1E-5	-4.2E-4	-0.00212	-4.1E-4	0
-0.07593	-1E-5	-4.9E-4	-0.00214	-4.8E-4	0
-0.06493	-1E-5	-6.6E-4	-0.00256	-6.5E-4	0
-0.05393	-1E-5	-9.4E-4	-0.00345	-9.3E-4	0
-0.04393	-2E-5	-0.00133	-0.00478	-0.00131	0
-0.03293	-2E-5	-0.00178	-0.0064	-0.00176	-1E-5
-0.02193	-3E-5	-0.00219	-0.00798	-0.00217	-1E-5
-0.01093	-4E-5	-0.00248	-0.00915	-0.00245	-1E-5
7E-5	-4E-5	-0.00257	-0.00961	-0.00254	-1E-5
0.01007	-4E-5	-0.00242	-0.00921	-0.0024	-1E-5
0.02107	-4E-5	-0.00209	-0.00805	-0.00206	-1E-5
0.03207	-3E-5	-0.00164	-0.00642	-0.00162	-1E-5
0.04307	-2E-5	-0.00117	-0.00467	-0.00116	-1E-5
0.05307	-2E-5	-7.6E-4	-0.00309	-7.6E-4	0
0.06407	-1E-5	-4.6E-4	-0.00187	-4.5E-4	0
0.07507	-1E-5	-2.5E-4	-0.00103	-2.4E-4	0
0.08607	0	-1.2E-4	-5.2E-4	-1.2E-4	0
0.09707	0	-6E-5	-2.4E-4	-5E-5	0
0.10707	0	-2E-5	-1E-4	-2E-5	0
0.11807	0	-1E-5	-4E-5	-1E-5	0
0.12907	0	0	-3E-5	0	0
0.14007	0	0	-6E-5	0	0
0.15107	0	0	-2E-4	0	0
0.16107	0	0	-6.8E-4	0	0
0.17207	0	0	-0.0021	0	0
0.18307	0	-1E-5	-0.00589	-1E-5	0
0.19407	0	-4E-5	-0.01506	-5E-5	0
0.20507	0	-1.5E-4	-0.0351	-1.6E-4	0
0.21507	0	-5E-4	-0.07459	-5.1E-4	0
0.22607	0	-0.00155	-0.1446	-0.00155	0
0.23707	0	-0.0045	-0.2555	-0.00444	0
0.24807	0	-0.01228	-0.4121	-0.01201	0
0.25807	0	-0.03127	-0.6067	-0.03045	0
0.26907	0	-0.07391	-0.8163	-0.0719	0
0.28007	0	-0.1616	-1.006	-0.1573	0
0.29107	-1E-5	-0.3259	-1.144	-0.3178	0
0.30207	-1E-5	-0.6044	-1.218	-0.5906	0
0.31207	-1E-5	-1.029	-1.25	-1.008	-1E-5
0.32307	-2E-5	-1.605	-1.312	-1.576	-1E-5
0.33407	-3E-5	-2.29	-1.504	-2.257	-1E-5
0.34507	-3E-5	-2.989	-1.934	-2.955	-1E-5
0.35607	-4E-5	-3.564	-2.671	-3.536	-2E-5
0.36607	-4E-5	-3.882	-3.702	-3.866	-2E-5
0.37707	-4E-5	-3.859	-4.9	-3.859	-2E-5
0.38807	-4E-5	-3.501	-6.034	-3.519	-2E-5
0.39907	-3E-5	-2.899	-6.836	-2.93	-2E-5
0.41007	-2E-5	-2.19	-7.088	-2.229	-2E-5
0.42007	-2E-5	-1.509	-6.714	-1.549	-1E-5
0.43107	-1E-5	-0.9495	-5.803	-0.9848	-1E-5
0.44207	-1E-5	-0.5453	-4.576	-0.5732	-1E-5
0.45307	0	-0.2861	-3.292	-0.306	-1E-5
0.46307	0	-0.1374	-2.161	-0.1502	-1E-5
0.47407	0	-0.06061	-1.295	-0.06812	0
0.48507	0	-0.02471	-0.7106	-0.02873	0
0.49607	0	-0.00943	-0.3591	-0.0114	0
0.50707	0	-0.00346	-0.1697	-0.00434	0
0.51707	0	-0.00127	-0.07786	-0.00163	0
0.52807	0	-5.1E-4	-0.03717	-6.4E-4	0
0.53907	0	-2.3E-4	-0.02005	-2.8E-4	0
0.55007	0	-1.3E-4	-0.01246	-1.4E-4	0
0.56107	0	-8E-5	-0.00834	-8E-5	0
0.57107	0	-5E-5	-0.00556	-5E-5	0
0.58207	0	-3E-5	-0.0035	-3E-5	0
0.59307	0	-2E-5	-0.00204	-2E-5	0
0.60407	0	-1E-5	-0.00109	-1E-5	0
0.61507	0	0	-5.3E-4	0	0
0.62507	0	0	-2.4E-4	0	0
0.63607	0	0	-1E-4	0	0
0.64707	0	0	-4E-5	0	0
0.65807	0	0	-1E-5	0	0
0.66807	0	0	0	0	0
0.67907	0	0	0	0	0
0.69007	0	0	0	0	0
0.70107	0	0	0	0	0
0.71207	0	0	0	0	0
0.72207	0	0	0	0	0
0.73307	0	0	-1E-5	0	0
0.74407	0	0	-3E-5	0	0
0.75507	0	-1E-5	-1.1E-4	-1E-5	0
0.76607	0	-2E-5	-3.2E-4	-2E-5	0
0.77607	0	-5E-5	-8.4E-4	-5E-5	0
0.78707	0	-1.1E-4	-0.00204	-1.1E-4	-1E-5
0.79807	0	-2.1E-4	-0.00448	-2.1E-4	-1E-5
0.80907	0	-3.9E-4	-0.009	-3.9E-4	-2E-5
0.82007	0	-6.4E-4	-0.01646	-6.4E-4	-3E-5
0.83007	0	-9.8E-4	-0.02747	-9.7E-4	-4E-5
0.84107	0	-0.00135	-0.04178	-0.00135	-5E-5
0.85207	0	-0.0017	-0.05795	-0.0017	-6E-5
0.86307	0	-0.00195	-0.07328	-0.00195	-6E-5
0.87307	0	-0.00204	-0.08449	-0.00204	-6E-5
0.88407	0	-0.00194	-0.08881	-0.00196	-5E-5
0.89507	0	-0.00169	-0.08512	-0.0017	-4E-5
0.90607	0	-0.00134	-0.07439	-0.00135	-3E-5
0.91707	0	-9.7E-4	-0.05927	-9.8E-4	-2E-5
0.92707	0	-6.4E-4	-0.04305	-6.5E-4	-1E-5
0.93807	0	-3.8E-4	-0.02852	-3.9E-4	-1E-5
0.94907	0	-2.1E-4	-0.01722	-2.1E-4	0
0.96007	0	-1.1E-4	-0.00948	-1.1E-4	0
0.97107	0	-5E-5	-0.00476	-5E-5	0
0.98107	0	-2E-5	-0.00218	-2E-5	0
0.99207	0	-1E-5	-9.1E-4	-1E-5	0
1.00307	0	0	-3.5E-4	0	0
1.01407	0	0	-1.2E-4	0	0
1.02507	0	0	-4E-5	0	0
1.03507	0	0	-2E-5	0	0
1.04607	0	-1E-5	-1E-5	-1E-5	0
1.05707	0	-1E-5	-2E-5	-1E-5	0
1.06807	0	-2E-5	-3E-5	-2E-5	0
1.07807	0	-3E-5	-5E-5	-3E-5	0
1.08907	0	-4E-5	-6E-5	-4E-5	0
1.10007	0	-4E-5	-8E-5	-4E-5	0
1.11107	0	-5E-5	-9E-5	-5E-5	0
1.12207	0	-5E-5	-9E-5	-5E-5	0
1.13207	-1E-5	-5E-5	-9E-5	-5E-5	0
1.14307	-2E-5	-5E-5	-8E-5	-4E-5	0
1.15407	-4E-5	-4E-5	-6E-5	-4E-5	0
1.16507	-8E-5	-3E-5	-5E-5	-3E-5	0
1.17607	-1.4E-4	-3E-5	-6E-5	-2E-5	0
1.18607	-2.2E-4	-3E-5	-1E-4	-2E-5	-1E-5
1.19707	-3.3E-4	-3E-5	-2.2E-4	-2E-5	-1E-5
1.20807	-4.4E-4	-5E-5	-4.9E-4	-3E-5	-2E-5
1.21907	-5.4E-4	-8E-5	-9.9E-4	-5E-5	-3E-5
1.23007	-6E-4	-1.2E-4	-0.00185	-1E-4	-5E-5
1.24007	-6.2E-4	-2E-4	-0.00316	-1.7E-4	-9E-5
1.25107	-5.8E-4	-3E-4	-0.00492	-2.8E-4	-1.5E-4
1.26207	-5E-4	-4.2E-4	-0.00698	-4.2E-4	-2.4E-4
1.27307	-4E-4	-5.6E-4	-0.00904	-5.8E-4	-3.6E-4
1.28307	-3.1E-4	-6.9E-4	-0.01068	-7.2E-4	-5E-4
1.29407	-2.3E-4	-7.7E-4	-0.0115	-8.2E-4	-6.3E-4
1.30507	-1.7E-4	-7.9E-4	-0.0113	-8.6E-4	-7.3E-4
1.31607	-1.3E-4	-7.4E-4	-0.01013	-8.2E-4	-7.8E-4
1.32707	-1E-4	-6.4E-4	-0.0083	-7.1E-4	-7.6E-4
1.33707	-8E-5	-5E-4	-0.00628	-5.7E-4	-6.7E-4
1.34807	-6E-5	-3.6E-4	-0.00449	-4.1E-4	-5.4E-4
1.35907	-4E-5	-2.4E-4	-0.00325	-2.8E-4	-4E-4
1.37007	-3E-5	-1.5E-4	-0.00276	-1.9E-4	-2.7E-4
1.38107	-2E-5	-9E-5	-0.00304	-1.4E-4	-1.7E-4
1.39107	-1E-5	-7E-5	-0.00403	-1.2E-4	-9E-5
1.40207	-1E-5	-6E-5	-0.00554	-1.3E-4	-5E-5
1.41307	0	-7E-5	-0.00728	-1.6E-4	-2E-5
1.42407	0	-8E-5	-0.00892	-1.8E-4	-1E-5
1.43507	0	-9E-5	-0.01016	-2E-4	0
1.44507	0	-1E-4	-0.01094	-2.2E-4	0
1.45607	0	-1.1E-4	-0.01149	-2.3E-4	0
1.46707	0	-1.6E-4	-0.01233	-2.7E-4	0
1.47807	0	-3.4E-4	-0.01408	-4.4E-4	0
1.48807	0	-8.7E-4	-0.01712	-9.7E-4	0
1.49907	0	-0.00231	-0.02136	-0.00242	0
1.51007	0	-0.0059	-0.02609	-0.006	0
1.52107	0	-0.01395	-0.03015	-0.01405	0
1.53207	0	-0.03036	-0.03232	-0.03043	0
1.54207	0	-0.06044	-0.03186	-0.0605	0
1.55307	0	-0.1099	-0.02874	-0.11	0
1.56407	-1E-5	-0.1824	-0.02368	-0.1826	0
1.57507	-1E-5	-0.2761	-0.0178	-0.2767	0
1.58607	-1E-5	-0.3811	-0.01222	-0.3823	0
1.59607	-1E-5	-0.4798	-0.00766	-0.4818	-1E-5
1.60707	-2E-5	-0.5508	-0.00439	-0.5537	-1E-5
1.61807	-2E-5	-0.5765	-0.00231	-0.5803	-1E-5
1.62907	-2E-5	-0.5504	-0.00113	-0.5546	-1E-5
1.64007	-1E-5	-0.4793	-5.3E-4	-0.4835	-1E-5
1.65007	-1E-5	-0.3808	-2.5E-4	-0.3846	0
1.66107	-1E-5	-0.2762	-1.3E-4	-0.2792	0
1.67207	-1E-5	-0.183	-8E-5	-0.1852	0
1.68307	0	-0.1109	-6E-5	-0.1124	0
1.69307	0	-0.06161	-5E-5	-0.06248	0
1.70407	0	-0.03148	-5E-5	-0.03196	0
1.71507	0	-0.01488	-5E-5	-0.01511	0
1.72607	0	-0.00657	-5E-5	-0.00668	0
1.73707	0	-0.00276	-7E-5	-0.0028	0
1.74707	0	-0.00114	-8E-5	-0.00116	0
1.75807	0	-5.1E-4	-1E-4	-5.2E-4	0
1.76907	0	-2.7E-4	-1.2E-4	-2.7E-4	0
1.78007	0	-1.8E-4	-1.2E-4	-1.8E-4	0
1.79107	0	-1.4E-4	-1.2E-4	-1.4E-4	0
1.80107	0	-1.1E-4	-1E-4	-1.1E-4	0
1.81207	0	-8E-5	-8E-5	-9E-5	0
1.82307	0	-6E-5	-6E-5	-6E-5	0
1.83407	0	-4E-5	-4E-5	-4E-5	0
1.84507	0	-2E-5	-2E-5	-2E-5	0
1.85507	0	-1E-5	-1E-5	-1E-5	0
1.86607	0	-1E-5	-1E-5	-1E-5	0
1.87707	0	0	0	0	0
1.88807	0	0	0	0	0
1.89807	0	0	0	0	0
1.90907	0	0	0	0	0
1.92007	0	0	0	0	0
1.93107	0	0	0	0	0
1.94207	0	0	0	0	-1E-5
1.95207	-1E-5	0	0	0	-2E-5
1.96307	-2E-5	0	0	0	-5E-5
1.97407	-4E-5	0	0	0	-1.3E-4
1.98507	-1.1E-4	-1E-5	-1E-5	-1E-5	-3.2E-4
1.99607	-2.4E-4	-1E-5	-3E-5	-1E-5	-7.1E-4
2.00607	-4.8E-4	-1E-5	-9E-5	-1E-5	-0.00145
2.01707	-8.9E-4	-2E-5	-2.1E-4	-2E-5	-0.00269
2.02807	-0.00151	-2E-5	-4.4E-4	-2E-5	-0.00456
2.03907	-0.00234	-2E-5	-8.6E-4	-2E-5	-0.00703
2.04907	-0.00329	-3E-5	-0.00152	-3E-5	-0.00991
2.06007	-0.00423	-4E-5	-0.00247	-4E-5	-0.01273
2.07107	-0.00495	-7E-5	-0.00367	-6E-5	-0.01491
2.08207	-0.00529	-1.2E-4	-0.00497	-1.1E-4	-0.01596
2.09307	-0.00517	-1.9E-4	-0.00617	-1.7E-4	-0.01559
2.10307	-0.0046	-3E-4	-0.007	-2.7E-4	-0.01393
2.11407	-0.00375	-4.3E-4	-0.00728	-3.9E-4	-0.01141
2.12507	-0.00281	-5.8E-4	-0.00694	-5.3E-4	-0.00861
2.13607	-0.00193	-7.2E-4	-0.00609	-6.6E-4	-0.00602
2.14707	-0.00123	-8.1E-4	-0.00493	-7.6E-4	-0.00394
2.15707	-7.4E-4	-8.5E-4	-0.00369	-7.9E-4	-0.00245
2.16807	-4.2E-4	-8.1E-4	-0.00257	-7.6E-4	-0.00148
2.17907	-2.3E-4	-7.1E-4	-0.00169	-6.7E-4	-8.8E-4
2.19007	-1.3E-4	-5.7E-4	-0.00113	-5.4E-4	-5.1E-4
2.20107	-7E-5	-4.2E-4	-9.1E-4	-4E-4	-3E-4
2.21107	-4E-5	-2.8E-4	-0.00106	-2.7E-4	-1.7E-4
2.22207	-2E-5	-1.7E-4	-0.00163	-1.7E-4	-9E-5
2.23307	-1E-5	-1E-4	-0.00267	-9E-5	-5E-5
2.24407	0	-5E-5	-0.00418	-5E-5	-2E-5
2.25407	0	-2E-5	-0.00605	-2E-5	-1E-5
2.26507	0	-1E-5	-0.008	-1E-5	0
2.27607	0	0	-0.00965	0	0
2.28707	0	0	-0.01062	0	0
2.29807	0	0	-0.01066	0	0
2.30807	0	0	-0.00976	0	0
2.31907	-1E-5	-1E-5	-0.00814	-1E-5	-1E-5
2.33007	-2E-5	-1E-5	-0.0062	-1E-5	-2E-5
2.34107	-3E-5	-2E-5	-0.00432	-2E-5	-3E-5
2.35207	-6E-5	-3E-5	-0.00276	-3E-5	-6E-5
2.36207	-1E-4	-5E-5	-0.00163	-5E-5	-1E-4
2.37307	-1.5E-4	-7E-5	-9.3E-4	-7E-5	-1.7E-4
2.38407	-2.2E-4	-9E-5	-5.4E-4	-1E-4	-2.4E-4
2.39507	-3E-4	-1.2E-4	-3.6E-4	-1.2E-4	-3.3E-4
2.40607	-3.8E-4	-1.3E-4	-2.9E-4	-1.3E-4	-4.3E-4
2.41607	-4.9E-4	-1.4E-4	-2.7E-4	-1.4E-4	-5.7E-4
2.42707	-6.7E-4	-1.4E-4	-2.6E-4	-1.3E-4	-8.5E-4
2.43807	-0.00112	-1.2E-4	-2.9E-4	-1.2E-4	-0.00155
2.44907	-0.00218	-1.1E-4	-3.8E-4	-1.1E-4	-0.00324
2.45907	-0.00455	-1.2E-4	-6.2E-4	-1.2E-4	-0.007
2.47007	-0.00928	-1.7E-4	-0.00116	-1.7E-4	-0.01458
2.48107	-0.01777	-2.8E-4	-0.00215	-2.8E-4	-0.02837
2.49207	-0.03151	-4.8E-4	-0.00378	-4.8E-4	-0.05104
2.50307	-0.05145	-8E-4	-0.00613	-8.1E-4	-0.08457
2.51307	-0.07729	-0.00124	-0.00908	-0.00125	-0.1289
2.52407	-0.1068	-0.00176	-0.01229	-0.00177	-0.1808
2.53507	-0.1357	-0.00228	-0.01516	-0.00229	-0.2331
2.54607	-0.1585	-0.0027	-0.01705	-0.0027	-0.2766
2.55707	-0.1705	-0.0029	-0.01749	-0.0029	-0.3018
2.56707	-0.169	-0.00285	-0.01636	-0.00284	-0.3035
2.57807	-0.1554	-0.00256	-0.01395	-0.00255	-0.2827
2.58907	-0.1351	-0.0021	-0.01086	-0.00209	-0.249
2.60007	-0.1181	-0.00159	-0.00771	-0.00157	-0.2203
2.61107	-0.1187	-0.00114	-0.00502	-0.00112	-0.2234
2.62107	-0.1561	-8.9E-4	-0.00302	-8.5E-4	-0.2948
2.63207	-0.2544	-9.7E-4	-0.00176	-8.7E-4	-0.4801
2.64307	-0.4389	-0.00162	-0.00113	-0.00143	-0.8276
2.65407	-0.7279	-0.00327	-0.00103	-0.00288	-1.372
2.66407	-1.119	-0.00654	-0.00137	-0.00583	-2.109
2.67507	-1.576	-0.01219	-0.00209	-0.01104	-2.97
2.68607	-2.027	-0.02087	-0.00312	-0.01922	-3.819
2.69707	-2.378	-0.03279	-0.0043	-0.03069	-4.48
2.70807	-2.543	-0.04733	-0.00545	-0.04501	-4.792
2.71807	-2.48	-0.06295	-0.0063	-0.06081	-4.674
2.72907	-2.206	-0.07755	-0.00664	-0.07599	-4.156
2.74007	-1.788	-0.089	-0.00638	-0.08834	-3.369
2.75107	-1.322	-0.09586	-0.0056	-0.09617	-2.491
2.76207	-0.8909	-0.09766	-0.00448	-0.09877	-1.679
2.77207	-0.5475	-0.0947	-0.00327	-0.09629	-1.032
2.78307	-0.3068	-0.0877	-0.00217	-0.08946	-0.578
2.79407	-0.1567	-0.07753	-0.00132	-0.07922	-0.2953
2.80507	-0.07303	-0.06512	-7.3E-4	-0.06664	-0.1376
2.81607	-0.03103	-0.05162	-3.7E-4	-0.05293	-0.05844
2.82607	-0.01203	-0.03831	-1.7E-4	-0.0394	-0.02265
2.83707	-0.00426	-0.02644	-7E-5	-0.02731	-0.00801
2.84807	-0.00138	-0.01687	-4E-5	-0.01751	-0.00259
2.85907	-4.1E-4	-0.00991	-4E-5	-0.01035	-7.7E-4
2.86907	-1.1E-4	-0.00534	-8E-5	-0.00561	-2.1E-4
2.88007	-3E-5	-0.00264	-2.3E-4	-0.00279	-5E-5
2.89107	-1E-5	-0.00119	-6.1E-4	-0.00127	-1E-5
2.90207	0	-4.9E-4	-0.00147	-5.3E-4	0
2.91307	0	-1.8E-4	-0.00323	-2E-4	0
2.92307	0	-6E-5	-0.00647	-7E-5	0
2.93407	0	-2E-5	-0.01184	-2E-5	0
2.94507	0	-1E-5	-0.01973	-1E-5	0
2.95607	-1E-5	-1E-5	-0.02999	0	-1E-5
2.96707	-1E-5	-1E-5	-0.04155	0	-1E-5
2.97707	-1E-5	-1E-5	-0.05249	0	-3E-5
2.98807	-3E-5	-1E-5	-0.06046	0	-6E-5
2.99907	-5E-5	-1E-5	-0.0635	0	-1.3E-4
3.01007	-1E-4	-2E-5	-0.06081	-1E-5	-2.8E-4
3.02107	-2E-4	-2E-5	-0.0531	-2E-5	-5.7E-4
3.03107	-3.8E-4	-4E-5	-0.04231	-3E-5	-0.00108
3.04207	-6.5E-4	-6E-5	-0.03078	-6E-5	-0.00188
3.05307	-0.00103	-1E-4	-0.02047	-1E-4	-0.00298
3.06407	-0.00148	-1.5E-4	-0.01251	-1.5E-4	-0.00432
3.07407	-0.00196	-2.1E-4	-0.00707	-2.1E-4	-0.0057
3.08507	-0.00236	-2.6E-4	-0.00377	-2.6E-4	-0.00686
3.09607	-0.00259	-3E-4	-0.00196	-3E-4	-0.00754
3.10707	-0.00259	-3.1E-4	-0.00104	-3.2E-4	-0.00755
3.11807	-0.00237	-3E-4	-5.9E-4	-3E-4	-0.00689
3.12807	-0.00197	-2.6E-4	-3.6E-4	-2.6E-4	-0.00574
3.13907	-0.00151	-2E-4	-2.6E-4	-2.1E-4	-0.00436
3.15007	-0.00105	-1.5E-4	-2.6E-4	-1.5E-4	-0.00303
3.16107	-6.9E-4	-1E-4	-4.3E-4	-1E-4	-0.00193
3.17207	-4.2E-4	-7E-5	-9.4E-4	-7E-5	-0.00114
3.18207	-2.7E-4	-6E-5	-0.00214	-6E-5	-6.3E-4
3.19307	-2E-4	-6E-5	-0.00453	-6E-5	-3.6E-4
3.20407	-2.1E-4	-9E-5	-0.00881	-9E-5	-2.3E-4
3.21507	-3E-4	-1.5E-4	-0.01565	-1.5E-4	-2.1E-4
3.22607	-4.8E-4	-2.3E-4	-0.02535	-2.2E-4	-2.8E-4
3.23607	-8E-4	-3.2E-4	-0.03745	-3.2E-4	-4.1E-4
3.24707	-0.00124	-4.2E-4	-0.05043	-4.1E-4	-6.2E-4
3.25807	-0.0018	-4.9E-4	-0.06194	-4.9E-4	-8.9E-4
3.26907	-0.00241	-5.3E-4	-0.06939	-5.3E-4	-0.00118
3.27907	-0.00295	-5.2E-4	-0.07091	-5.3E-4	-0.00145
3.29007	-0.00332	-4.7E-4	-0.06616	-4.8E-4	-0.00162
3.30107	-0.00344	-3.9E-4	-0.0564	-4E-4	-0.00167
3.31207	-0.00329	-2.9E-4	-0.04401	-3E-4	-0.00158
3.32307	-0.00295	-2E-4	-0.03154	-2.1E-4	-0.00137
3.33307	-0.00253	-1.3E-4	-0.02088	-1.4E-4	-0.0011
3.34407	-0.00213	-8E-5	-0.0129	-8E-5	-8.2E-4
3.35507	-0.00183	-4E-5	-0.00759	-5E-5	-5.8E-4
3.36607	-0.00164	-2E-5	-0.00445	-2E-5	-4E-4
3.37707	-0.0015	-1E-5	-0.00297	-1E-5	-2.8E-4
3.38707	-0.00138	-1E-5	-0.00286	-1E-5	-2E-4
3.39807	-0.00122	-1E-5	-0.00432	-1E-5	-1.4E-4
3.40907	-0.00103	-1E-5	-0.00801	-1E-5	-1.1E-4
3.42007	-8.2E-4	-1E-5	-0.01499	-1E-5	-8E-5
3.43107	-6.2E-4	-2E-5	-0.0264	-1E-5	-5E-5
3.44107	-4.4E-4	-2E-5	-0.04286	-2E-5	-3E-5
3.45207	-3.1E-4	-2E-5	-0.06372	-2E-5	-2E-5
3.46307	-2.1E-4	-3E-5	-0.08661	-2E-5	-1E-5
3.47407	-1.4E-4	-3E-5	-0.1075	-2E-5	-1E-5
3.48407	-9E-5	-5E-5	-0.1217	-3E-5	0
3.49507	-6E-5	-7E-5	-0.1258	-5E-5	0
3.50607	-4E-5	-1E-4	-0.1186	-8E-5	-1E-5
3.51707	-3E-5	-1.5E-4	-0.102	-1.2E-4	-1E-5
3.52807	-3E-5	-2.1E-4	-0.07998	-1.8E-4	-2E-5
3.53807	-4E-5	-2.8E-4	-0.05723	-2.5E-4	-4E-5
3.54907	-6E-5	-3.5E-4	-0.03739	-3.2E-4	-6E-5
3.56007	-8E-5	-4E-4	-0.02233	-3.8E-4	-9E-5
3.57107	-1.2E-4	-4.4E-4	-0.01223	-4.3E-4	-1.2E-4
3.58207	-1.5E-4	-4.6E-4	-0.00619	-4.6E-4	-1.6E-4
3.59207	-1.8E-4	-4.7E-4	-0.00294	-4.8E-4	-2E-4
3.60307	-2.1E-4	-4.9E-4	-0.00135	-5.1E-4	-2.6E-4
3.61407	-2.5E-4	-5.4E-4	-6.3E-4	-5.6E-4	-3.6E-4
3.62507	-3E-4	-6.1E-4	-3.1E-4	-6.3E-4	-5.2E-4
3.63607	-3.8E-4	-7E-4	-1.7E-4	-7.2E-4	-7.9E-4
3.64607	-5E-4	-7.9E-4	-1E-4	-8E-4	-0.00118
3.65707	-6.6E-4	-8.5E-4	-6E-5	-8.5E-4	-0.00169
3.66807	-8.3E-4	-8.5E-4	-4E-5	-8.5E-4	-0.00226
3.67907	-0.001	-7.9E-4	-5E-5	-7.9E-4	-0.00278
3.68907	-0.00112	-6.8E-4	-8E-5	-6.7E-4	-0.00314
3.70007	-0.00114	-5.6E-4	-1.9E-4	-5.4E-4	-0.00325
3.71107	-0.00108	-4.5E-4	-4.4E-4	-4.3E-4	-0.00306
3.72207	-9.2E-4	-4.1E-4	-9.7E-4	-3.9E-4	-0.00263
3.73307	-7.2E-4	-4.8E-4	-0.00198	-4.5E-4	-0.00207
3.74307	-5.2E-4	-7.1E-4	-0.00368	-6.6E-4	-0.00148
3.75407	-3.4E-4	-0.00112	-0.00626	-0.00105	-9.7E-4
3.76507	-2E-4	-0.0017	-0.00971	-0.00161	-5.8E-4
3.77607	-1.1E-4	-0.00241	-0.01372	-0.0023	-3.1E-4
3.78707	-6E-5	-0.00311	-0.01769	-0.003	-1.6E-4
3.79707	-3E-5	-0.00368	-0.0208	-0.00357	-8E-5
3.80807	-3E-5	-0.00397	-0.02232	-0.00388	-5E-5
3.81907	-5E-5	-0.00391	-0.0219	-0.00386	-7E-5
3.83007	-1.3E-4	-0.00352	-0.01974	-0.00349	-1.6E-4
3.84107	-2.8E-4	-0.00289	-0.01656	-0.0029	-3.5E-4
3.85107	-5.9E-4	-0.00218	-0.01338	-0.0022	-7.3E-4
3.86207	-0.00112	-0.00151	-0.01116	-0.00153	-0.0014
3.87307	-0.00196	-9.7E-4	-0.01059	-9.9E-4	-0.00246
3.88407	-0.00313	-5.8E-4	-0.01187	-6E-4	-0.00393
3.89407	-0.00457	-3.4E-4	-0.01467	-3.5E-4	-0.00574
3.90507	-0.00608	-1.9E-4	-0.01824	-2E-4	-0.00764
3.91607	-0.00739	-1.1E-4	-0.02155	-1.2E-4	-0.00928
3.92707	-0.00819	-7E-5	-0.02359	-7E-5	-0.0103
3.93807	-0.00829	-5E-5	-0.02373	-5E-5	-0.01044
3.94807	-0.00768	-4E-5	-0.02192	-4E-5	-0.00972
3.95907	-0.00654	-3E-5	-0.0187	-4E-5	-0.00839
3.97007	-0.00518	-3E-5	-0.01493	-3E-5	-0.00687
3.98107	-0.00395	-3E-5	-0.01149	-4E-5	-0.00563
3.99207	-0.00306	-3E-5	-0.00896	-4E-5	-0.00498
4.00207	-0.00262	-3E-5	-0.00751	-5E-5	-0.00505
4.01307	-0.00258	-5E-5	-0.00696	-7E-5	-0.00572
4.02407	-0.0028	-9E-5	-0.00691	-1.2E-4	-0.00671
4.03507	-0.00309	-1.7E-4	-0.00699	-2E-4	-0.00767
4.04607	-0.00331	-2.9E-4	-0.00699	-3.2E-4	-0.0083
4.05607	-0.00339	-4.7E-4	-0.00698	-5.1E-4	-0.00848
4.06707	-0.00332	-7.1E-4	-0.00727	-7.5E-4	-0.00823
4.07807	-0.00317	-0.001	-0.00844	-0.00106	-0.00772
4.08907	-0.00299	-0.00134	-0.01121	-0.00141	-0.00711
4.09907	-0.00279	-0.00168	-0.0163	-0.00178	-0.00649
4.11007	-0.00256	-0.002	-0.02418	-0.00215	-0.00585
4.12107	-0.00229	-0.00227	-0.03464	-0.00248	-0.00515
4.13207	-0.00194	-0.00252	-0.04653	-0.00279	-0.00432
4.14307	-0.00154	-0.00281	-0.05777	-0.00313	-0.00342
4.15307	-0.00114	-0.00327	-0.06585	-0.00362	-0.00252
4.16407	-7.8E-4	-0.00403	-0.06866	-0.00439	-0.00171
4.17507	-4.8E-4	-0.00518	-0.0654	-0.0055	-0.00106
4.18607	-2.8E-4	-0.00668	-0.05686	-0.0069	-6.1E-4
4.19707	-1.5E-4	-0.0083	-0.04511	-0.00838	-3.2E-4
4.20707	-8E-5	-0.0097	-0.03268	-0.0096	-1.7E-4
4.21807	-5E-5	-0.0105	-0.0217	-0.01019	-1E-4
4.22907	-6E-5	-0.01043	-0.0134	-0.00996	-1.2E-4
4.24007	-1.2E-4	-0.00949	-0.00815	-0.00893	-2.4E-4
4.25107	-2.5E-4	-0.00789	-0.00573	-0.00731	-4.9E-4
4.26107	-5E-4	-0.00599	-0.00572	-0.00547	-9.7E-4
4.27207	-9.1E-4	-0.00416	-0.00771	-0.00375	-0.00175
4.28307	-0.0015	-0.00264	-0.01127	-0.00235	-0.0029
4.29407	-0.00227	-0.00154	-0.01581	-0.00136	-0.00437
4.30407	-0.00314	-8.3E-4	-0.02049	-7.3E-4	-0.00602
4.31507	-0.00395	-4.2E-4	-0.02429	-3.7E-4	-0.00757
4.32607	-0.00453	-2.1E-4	-0.02631	-1.9E-4	-0.00869
4.33707	-0.00475	-1.3E-4	-0.02603	-1.2E-4	-0.00909
4.34807	-0.00454	-1.6E-4	-0.02362	-1.5E-4	-0.00868
4.35807	-0.00398	-2.9E-4	-0.01983	-2.8E-4	-0.00758
4.36907	-0.00321	-6E-4	-0.0158	-5.7E-4	-0.00608
4.38007	-0.00244	-0.00118	-0.01269	-0.00114	-0.00453
4.39107	-0.0018	-0.00215	-0.0114	-0.00208	-0.0032
4.40207	-0.00138	-0.00358	-0.01252	-0.00349	-0.00227
4.41207	-0.00119	-0.00549	-0.01636	-0.00538	-0.00174
4.42307	-0.00116	-0.00773	-0.0231	-0.00763	-0.00152
4.43407	-0.0012	-0.01001	-0.03285	-0.00996	-0.00147
4.44507	-0.00125	-0.01194	-0.04552	-0.01197	-0.00147
4.45607	-0.00122	-0.01311	-0.06059	-0.01325	-0.00142
4.46607	-0.00111	-0.01329	-0.07679	-0.01355	-0.00128
4.47707	-9.3E-4	-0.01246	-0.09195	-0.0128	-0.00108
4.48807	-7.2E-4	-0.01083	-0.1033	-0.01122	-8.4E-4
4.49907	-5.1E-4	-0.0088	-0.1084	-0.00917	-6.2E-4
4.50907	-3.3E-4	-0.0068	-0.1059	-0.0071	-4.6E-4
4.52007	-2.1E-4	-0.00518	-0.09627	-0.00538	-4E-4
4.53107	-1.4E-4	-0.00414	-0.08185	-0.00421	-4.8E-4
4.54207	-1.2E-4	-0.00368	-0.06594	-0.00362	-7.4E-4
4.55307	-1.4E-4	-0.00366	-0.05171	-0.00349	-0.00122
4.56307	-1.9E-4	-0.00385	-0.04111	-0.0036	-0.00193
4.57407	-2.7E-4	-0.00404	-0.03453	-0.00373	-0.00282
4.58507	-3.6E-4	-0.00406	-0.03104	-0.00374	-0.00378
4.59607	-4.4E-4	-0.00388	-0.02909	-0.00358	-0.00463
4.60707	-4.9E-4	-0.00357	-0.02727	-0.00332	-0.0052
4.61707	-5.1E-4	-0.00327	-0.02478	-0.00308	-0.00534
4.62807	-4.8E-4	-0.00318	-0.02151	-0.00304	-0.00503
4.63907	-4.2E-4	-0.00356	-0.0178	-0.00344	-0.00436
4.65007	-3.5E-4	-0.00474	-0.0141	-0.00459	-0.00348
4.66107	-2.8E-4	-0.00716	-0.01079	-0.00688	-0.0026
4.67107	-2.2E-4	-0.01131	-0.00804	-0.0108	-0.00183
4.68207	-1.8E-4	-0.01757	-0.00591	-0.01673	-0.00124
4.69307	-1.6E-4	-0.02598	-0.00436	-0.02474	-8.3E-4
4.70407	-1.4E-4	-0.03594	-0.00334	-0.03435	-5.7E-4
4.71407	-1.3E-4	-0.04611	-0.00277	-0.04434	-4E-4
4.72507	-1.1E-4	-0.05463	-0.0026	-0.05294	-2.9E-4
4.73607	-1E-4	-0.05961	-0.00284	-0.05831	-2E-4
4.74707	-8E-5	-0.05991	-0.00362	-0.05925	-1.4E-4
4.75807	-7E-5	-0.05568	-0.00528	-0.05573	-1E-4
4.76807	-7E-5	-0.04845	-0.00835	-0.04913	-7E-5
4.77907	-1E-4	-0.04066	-0.0135	-0.04183	-6E-5
4.79007	-1.7E-4	-0.03488	-0.02126	-0.03642	-7E-5
4.80107	-3E-4	-0.03303	-0.03161	-0.03493	-1E-4
4.81207	-4.9E-4	-0.03592	-0.04364	-0.03824	-1.4E-4
4.82207	-7.5E-4	-0.04312	-0.05543	-0.04593	-2E-4
4.83307	-0.00105	-0.05325	-0.06449	-0.05651	-2.7E-4
4.84407	-0.00134	-0.06441	-0.06858	-0.06789	-3.2E-4
4.85507	-0.00156	-0.0746	-0.06661	-0.07793	-3.5E-4
4.86607	-0.00166	-0.08212	-0.05908	-0.08487	-3.5E-4
4.87607	-0.00161	-0.0858	-0.0479	-0.08765	-3.2E-4
4.88707	-0.00143	-0.08516	-0.0356	-0.08601	-2.7E-4
4.89807	-0.00116	-0.08059	-0.02441	-0.08057	-2.1E-4
4.90907	-8.6E-4	-0.07321	-0.0157	-0.07255	-1.5E-4
4.91907	-5.8E-4	-0.06459	-0.00985	-0.06354	-1E-4
4.93007	-3.8E-4	-0.0562	-0.0066	-0.05489	-6E-5
4.94107	-2.6E-4	-0.04897	-0.00538	-0.04742	-5E-5
4.95207	-2.3E-4	-0.04303	-0.00568	-0.04123	-6E-5
4.96307	-3.1E-4	-0.038	-0.00713	-0.03595	-9E-5
4.97307	-5.1E-4	-0.0333	-0.0094	-0.03111	-1.6E-4
4.98407	-8.3E-4	-0.0286	-0.0121	-0.02643	-2.6E-4
4.99507	-0.00129	-0.02387	-0.01476	-0.0219	-4.2E-4
5.00607	-0.00182	-0.01933	-0.01688	-0.01768	-6.2E-4
5.01707	-0.00237	-0.01525	-0.01808	-0.01397	-8.5E-4
5.02707	-0.00283	-0.01184	-0.01826	-0.01091	-0.00108
5.03807	-0.00309	-0.00923	-0.01759	-0.00859	-0.00127
5.04907	-0.0031	-0.00745	-0.01641	-0.00702	-0.00139
5.06007	-0.00286	-0.00643	-0.01505	-0.00615	-0.0014
5.07107	-0.00245	-0.00603	-0.01374	-0.00585	-0.00132
5.08107	-0.00196	-0.00607	-0.01262	-0.00596	-0.00116
5.09207	-0.00148	-0.00635	-0.01174	-0.00632	-9.5E-4
5.10307	-0.0011	-0.00672	-0.01116	-0.00676	-7.3E-4
5.11407	-8.4E-4	-0.00708	-0.01086	-0.0072	-5.4E-4
5.12407	-7E-4	-0.00741	-0.01075	-0.00762	-3.9E-4
5.13507	-6.4E-4	-0.00776	-0.01062	-0.00808	-2.9E-4
5.14607	-6.1E-4	-0.00825	-0.0103	-0.00868	-2.2E-4
5.15707	-5.8E-4	-0.00894	-0.00978	-0.00951	-1.8E-4
5.16807	-5.2E-4	-0.00984	-0.00939	-0.01054	-1.5E-4
5.17807	-4.4E-4	-0.01076	-0.00976	-0.01158	-1.4E-4
5.18907	-3.6E-4	-0.01147	-0.01181	-0.01236	-1.4E-4
5.20007	-2.7E-4	-0.01171	-0.0165	-0.01259	-1.7E-4
5.21107	-2.2E-4	-0.01138	-0.02443	-0.01218	-2.4E-4
5.22207	-1.9E-4	-0.01056	-0.03543	-0.01122	-3.4E-4
5.23207	-2.1E-4	-0.0095	-0.04829	-0.00999	-4.9E-4
5.24307	-2.7E-4	-0.00847	-0.06073	-0.00883	-6.7E-4
5.25407	-3.8E-4	-0.00777	-0.06997	-0.00803	-8.5E-4
5.26507	-5.6E-4	-0.00757	-0.07373	-0.0078	-0.00101
5.27507	-8.4E-4	-0.008	-0.07108	-0.00825	-0.00113
5.28607	-0.00126	-0.0091	-0.06295	-0.00938	-0.00119
5.29707	-0.00186	-0.01077	-0.05182	-0.01104	-0.0012
5.30807	-0.00265	-0.0127	-0.04095	-0.01288	-0.00119
5.31907	-0.00362	-0.01444	-0.03334	-0.01442	-0.00116
5.32907	-0.00467	-0.01545	-0.03103	-0.01517	-0.00114
5.34007	-0.00568	-0.01535	-0.03465	-0.01479	-0.00113
5.35107	-0.00651	-0.01404	-0.04331	-0.01328	-0.00111
5.36207	-0.007	-0.0118	-0.05475	-0.01094	-0.00106
5.37307	-0.00706	-0.0091	-0.06581	-0.00827	-9.8E-4
5.38307	-0.00666	-0.0065	-0.07324	-0.0058	-8.6E-4
5.39407	-0.00585	-0.00441	-0.07475	-0.00388	-7.1E-4
5.40507	-0.00477	-0.00309	-0.06977	-0.00272	-5.5E-4
5.41607	-0.0036	-0.00257	-0.05957	-0.00233	-4E-4
5.42707	-0.0025	-0.00278	-0.0467	-0.00264	-2.7E-4
5.43707	-0.0016	-0.00354	-0.03397	-0.00347	-1.7E-4
5.44807	-9.4E-4	-0.00461	-0.02351	-0.00461	-1E-4
5.45907	-5.1E-4	-0.00569	-0.01633	-0.00577	-6E-5
5.47007	-2.5E-4	-0.00648	-0.01234	-0.00664	-3E-5
5.48007	-1.2E-4	-0.00677	-0.01078	-0.007	-2E-5
5.49107	-5E-5	-0.00646	-0.01064	-0.00675	-1E-5
5.50207	-3E-5	-0.00567	-0.01105	-0.00598	-2E-5
5.51307	-2E-5	-0.00462	-0.01143	-0.00491	-3E-5
5.52407	-3E-5	-0.0036	-0.01155	-0.00385	-6E-5
5.53407	-6E-5	-0.00287	-0.01141	-0.00306	-1.2E-4
5.54507	-1.2E-4	-0.00256	-0.01113	-0.0027	-2.4E-4
5.55607	-2.2E-4	-0.00268	-0.01087	-0.00279	-4.2E-4
5.56707	-3.5E-4	-0.00313	-0.01073	-0.00323	-6.8E-4
5.57807	-5.2E-4	-0.0037	-0.01072	-0.0038	-0.00101
5.58807	-7E-4	-0.00418	-0.01074	-0.00429	-0.00136
5.59907	-8.6E-4	-0.00439	-0.01062	-0.0045	-0.00168
5.61007	-9.6E-4	-0.00423	-0.01015	-0.00434	-0.0019
5.62107	-9.9E-4	-0.00373	-0.00922	-0.00383	-0.00198
5.63207	-9.4E-4	-0.00303	-0.00784	-0.00311	-0.00191
5.64207	-8.2E-4	-0.00227	-0.0062	-0.00233	-0.00173
5.65307	-6.7E-4	-0.0016	-0.00453	-0.00164	-0.0015
5.66407	-5.3E-4	-0.00111	-0.00308	-0.00113	-0.00128
5.67507	-4.1E-4	-7.9E-4	-0.00199	-8.1E-4	-0.0011
5.68507	-3.3E-4	-6.3E-4	-0.00135	-6.4E-4	-9.6E-4
5.69607	-2.8E-4	-5.7E-4	-0.00116	-5.9E-4	-8.8E-4
5.70707	-2.7E-4	-5.9E-4	-0.0014	-6.2E-4	-8.2E-4
5.71807	-2.7E-4	-6.6E-4	-0.00205	-7E-4	-7.8E-4
5.72907	-2.9E-4	-7.8E-4	-0.00306	-8.5E-4	-7.6E-4
5.73907	-3.3E-4	-9.7E-4	-0.00435	-0.00105	-7.4E-4
5.75007	-3.7E-4	-0.00122	-0.00576	-0.00133	-7.2E-4
5.76107	-4.1E-4	-0.00153	-0.0071	-0.00165	-7E-4
5.77207	-4.6E-4	-0.00186	-0.00822	-0.00199	-6.8E-4
5.78307	-5E-4	-0.00217	-0.00904	-0.0023	-6.6E-4
5.79307	-5.3E-4	-0.00241	-0.0096	-0.00253	-6.6E-4
5.80407	-5.6E-4	-0.00254	-0.00996	-0.00264	-6.8E-4
5.81507	-5.6E-4	-0.00256	-0.01019	-0.00264	-6.9E-4
5.82607	-5.6E-4	-0.00247	-0.01029	-0.00253	-7E-4
5.83707	-5.4E-4	-0.00231	-0.01024	-0.00236	-7E-4
5.84707	-5.3E-4	-0.00212	-0.01001	-0.00215	-7E-4
5.85807	-5.3E-4	-0.00191	-0.00972	-0.00194	-7.2E-4
5.86907	-5.4E-4	-0.00173	-0.00956	-0.00177	-7.5E-4
5.88007	-5.5E-4	-0.00162	-0.00973	-0.00165	-8.1E-4
5.89007	-5.5E-4	-0.0016	-0.01036	-0.00164	-8.8E-4
5.90107	-5.4E-4	-0.0017	-0.01134	-0.00175	-9.7E-4
5.91207	-5E-4	-0.00192	-0.01238	-0.002	-0.00106
5.92307	-4.5E-4	-0.00224	-0.0131	-0.00233	-0.00117
5.93407	-4E-4	-0.00258	-0.0132	-0.0027	-0.00129
5.94407	-3.7E-4	-0.00288	-0.01261	-0.00303	-0.00141
5.95507	-3.9E-4	-0.0031	-0.01154	-0.00327	-0.00151
5.96607	-4.8E-4	-0.00324	-0.01031	-0.00342	-0.00157
5.97707	-6.5E-4	-0.00334	-0.00925	-0.00354	-0.00156
5.98807	-9.1E-4	-0.00345	-0.00852	-0.00366	-0.00149
5.99807	-0.00127	-0.0036	-0.00807	-0.00382	-0.00137
6.00907	-0.00171	-0.00376	-0.00773	-0.004	-0.00124
6.02007	-0.0022	-0.00391	-0.0073	-0.00415	-0.0011
6.03107	-0.00269	-0.00402	-0.0067	-0.00425	-9.6E-4
6.04207	-0.00312	-0.0041	-0.00601	-0.00431	-8.2E-4
6.05207	-0.00341	-0.00422	-0.00543	-0.0044	-6.8E-4
6.06307	-0.00353	-0.00442	-0.00524	-0.00457	-5.3E-4
6.07407	-0.00342	-0.00469	-0.00567	-0.00481	-4E-4
6.08507	-0.00311	-0.00498	-0.00682	-0.00508	-2.8E-4
6.09507	-0.00263	-0.00517	-0.00858	-0.00525	-1.8E-4
6.10607	-0.00208	-0.00517	-0.01064	-0.00522	-1.1E-4
6.11707	-0.00155	-0.00494	-0.01261	-0.00498	-7E-5
6.12807	-0.00111	-0.00456	-0.01411	-0.00458	-5E-5
6.13907	-8.2E-4	-0.00415	-0.01497	-0.00415	-5E-5
6.14907	-7E-4	-0.00384	-0.01523	-0.00381	-6E-5
6.16007	-7.2E-4	-0.00369	-0.01508	-0.00365	-8E-5
6.17107	-8.6E-4	-0.00369	-0.01474	-0.00364	-1.1E-4
6.18207	-0.00107	-0.00373	-0.0143	-0.00368	-1.4E-4
6.19307	-0.0013	-0.00369	-0.01371	-0.00365	-1.6E-4
6.20307	-0.00152	-0.00349	-0.01286	-0.00346	-1.8E-4
6.21407	-0.00169	-0.00312	-0.01174	-0.00309	-1.8E-4
6.22507	-0.00183	-0.00263	-0.01052	-0.00261	-1.7E-4
6.23607	-0.00196	-0.00212	-0.00952	-0.0021	-1.5E-4
6.24707	-0.00209	-0.00171	-0.00905	-0.00169	-1.3E-4
6.25707	-0.00223	-0.0015	-0.00931	-0.00148	-1E-4
6.26807	-0.00234	-0.00157	-0.01026	-0.00153	-9E-5
6.27907	-0.00238	-0.00192	-0.01173	-0.00186	-8E-5
6.29007	-0.00232	-0.00252	-0.01355	-0.00243	-1E-4
6.30007	-0.00213	-0.00324	-0.01568	-0.00314	-1.4E-4
6.31107	-0.00186	-0.00393	-0.01833	-0.00381	-2E-4
6.32207	-0.00153	-0.00441	-0.02187	-0.0043	-2.7E-4
6.33307	-0.00121	-0.00456	-0.02669	-0.00445	-3.5E-4
6.34407	-9.4E-4	-0.00432	-0.03296	-0.00424	-4.2E-4
6.35407	-7.3E-4	-0.00376	-0.04038	-0.0037	-4.6E-4
6.36507	-5.7E-4	-0.00301	-0.04811	-0.00298	-4.6E-4
6.37607	-4.5E-4	-0.00223	-0.05477	-0.00222	-4.2E-4
6.38707	-3.7E-4	-0.00155	-0.0588	-0.00156	-3.7E-4
6.39807	-3.5E-4	-0.00108	-0.05903	-0.0011	-3.3E-4
6.40807	-4E-4	-8.7E-4	-0.05515	-9.1E-4	-3.4E-4
6.41907	-5.6E-4	-0.001	-0.04794	-0.00105	-4.5E-4
6.43007	-8.8E-4	-0.00152	-0.039	-0.0016	-6.9E-4
6.44107	-0.00139	-0.00249	-0.03011	-0.00262	-0.0011
6.45207	-0.00208	-0.00393	-0.02264	-0.00411	-0.00169
6.46207	-0.0029	-0.00574	-0.01716	-0.00598	-0.0024
6.47307	-0.00372	-0.00768	-0.01354	-0.00797	-0.00313
6.48407	-0.00439	-0.0094	-0.01123	-0.00971	-0.00375
6.49507	-0.00475	-0.01051	-0.00963	-0.0108	-0.0041
6.50507	-0.00472	-0.01073	-0.00831	-0.01099	-0.00411
6.51607	-0.00432	-0.01003	-0.00712	-0.01024	-0.00378
6.52707	-0.00365	-0.00859	-0.0061	-0.00874	-0.00319
6.53807	-0.0029	-0.00677	-0.00541	-0.00689	-0.0025
6.54907	-0.00221	-0.005	-0.00526	-0.00508	-0.00184
6.55907	-0.00171	-0.00361	-0.00584	-0.00367	-0.00128
6.57007	-0.00143	-0.00286	-0.00728	-0.00291	-8.7E-4
6.58107	-0.00133	-0.00287	-0.00954	-0.00291	-5.9E-4
6.59207	-0.00136	-0.0037	-0.01238	-0.00375	-4.2E-4
6.60307	-0.00142	-0.00532	-0.01535	-0.00538	-3.1E-4
6.61307	-0.00145	-0.00758	-0.01786	-0.00767	-2.6E-4
6.62407	-0.00142	-0.01018	-0.01937	-0.0103	-2.5E-4
6.63507	-0.00132	-0.01268	-0.01956	-0.01284	-2.8E-4
6.64607	-0.00117	-0.01462	-0.01847	-0.01481	-3.5E-4
6.65707	-9.9E-4	-0.01564	-0.01644	-0.01585	-4.7E-4
6.66707	-8.1E-4	-0.0156	-0.014	-0.01582	-6.3E-4
6.67807	-6.4E-4	-0.01462	-0.01167	-0.01484	-8.2E-4
6.68907	-5.1E-4	-0.01299	-0.00985	-0.01321	-0.00102
6.70007	-4.3E-4	-0.01108	-0.00878	-0.0113	-0.00118
6.71007	-4E-4	-0.00921	-0.00862	-0.00943	-0.00127
6.72107	-4.5E-4	-0.00758	-0.00953	-0.00782	-0.00128
6.73207	-5.8E-4	-0.0063	-0.0117	-0.00654	-0.00121
6.74307	-7.8E-4	-0.00538	-0.01527	-0.00561	-0.00109
6.75407	-0.00103	-0.0048	-0.02022	-0.00498	-9.9E-4
6.76407	-0.00128	-0.00448	-0.02615	-0.00459	-9.5E-4
6.77507	-0.00147	-0.00434	-0.03222	-0.00436	-0.00101
6.78607	-0.00155	-0.00429	-0.03732	-0.00422	-0.0012
6.79707	-0.00151	-0.00422	-0.04033	-0.00408	-0.0015
6.80807	-0.00136	-0.00406	-0.0406	-0.00388	-0.00188
6.81807	-0.00113	-0.00378	-0.03818	-0.00358	-0.00229
6.82907	-8.8E-4	-0.00336	-0.03377	-0.00318	-0.00267
6.84007	-6.6E-4	-0.00287	-0.02837	-0.00272	-0.00296
6.85107	-4.8E-4	-0.00237	-0.02291	-0.00225	-0.00315
6.86207	-3.7E-4	-0.00195	-0.01799	-0.00186	-0.00323
6.87207	-3.1E-4	-0.00168	-0.01385	-0.0016	-0.00321
6.88307	-3E-4	-0.00158	-0.01056	-0.00151	-0.0031
6.89407	-3.3E-4	-0.00166	-0.00816	-0.00157	-0.00292
6.90507	-4.1E-4	-0.00186	-0.00677	-0.00176	-0.00266
6.91507	-5.1E-4	-0.00213	-0.00655	-0.00201	-0.00234
6.92607	-6.1E-4	-0.0024	-0.00761	-0.00225	-0.00198
6.93707	-7E-4	-0.0026	-0.00988	-0.00244	-0.00162
6.94807	-7.6E-4	-0.00269	-0.01302	-0.00251	-0.00129
6.95907	-7.7E-4	-0.00263	-0.01642	-0.00246	-0.001
6.96907	-7.5E-4	-0.00243	-0.01932	-0.00228	-7.8E-4
6.98007	-7.3E-4	-0.00213	-0.02101	-0.002	-6.4E-4
6.99107	-7.5E-4	-0.00179	-0.02107	-0.00168	-5.7E-4
7.00207	-8.5E-4	-0.00146	-0.01954	-0.00138	-5.8E-4
7.01307	-0.00103	-0.00123	-0.01684	-0.00117	-6.8E-4
7.02307	-0.00129	-0.00113	-0.01361	-0.00109	-8.6E-4
7.03407	-0.00163	-0.00122	-0.01047	-0.00119	-0.00113
7.04507	-0.002	-0.0015	-0.0078	-0.00147	-0.00147
7.05607	-0.00238	-0.00197	-0.00571	-0.00194	-0.00186
7.06707	-0.00271	-0.00258	-0.00416	-0.00254	-0.00223
7.07707	-0.00295	-0.00324	-0.00301	-0.00319	-0.00254
7.08807	-0.00308	-0.0038	-0.00215	-0.00377	-0.00272
7.09907	-0.00312	-0.00416	-0.00149	-0.00415	-0.00276
7.11007	-0.00314	-0.00421	-0.001	-0.00423	-0.0027
7.12007	-0.00323	-0.00393	-6.6E-4	-0.00399	-0.00266
7.13107	-0.00349	-0.0034	-4.4E-4	-0.00348	-0.00275
7.14207	-0.00395	-0.00273	-3.2E-4	-0.00281	-0.00303
7.15307	-0.00455	-0.00206	-2.6E-4	-0.00213	-0.00351
7.16407	-0.00512	-0.00148	-2.5E-4	-0.00154	-0.00409
7.17407	-0.00551	-0.00107	-2.7E-4	-0.00111	-0.00461
7.18507	-0.00555	-8.4E-4	-3.1E-4	-8.6E-4	-0.00488
7.19607	-0.00523	-7.7E-4	-3.8E-4	-7.9E-4	-0.00482
7.20707	-0.00462	-8.6E-4	-5.3E-4	-8.7E-4	-0.00441
7.21807	-0.00387	-0.00107	-8.8E-4	-0.00108	-0.00375
7.22807	-0.00315	-0.00137	-0.00165	-0.00138	-0.00298
7.23907	-0.00259	-0.0017	-0.0032	-0.00171	-0.00225
7.25007	-0.00222	-0.00203	-0.00605	-0.00204	-0.00165
7.26107	-0.00203	-0.00229	-0.0107	-0.0023	-0.00123
7.27207	-0.00194	-0.00248	-0.01751	-0.00247	-9.7E-4
7.28207	-0.00189	-0.00258	-0.02638	-0.00256	-8.5E-4
7.29307	-0.00188	-0.00262	-0.03651	-0.00258	-8.3E-4
7.30407	-0.00192	-0.00261	-0.04647	-0.00255	-9.1E-4
7.31507	-0.00209	-0.00256	-0.05451	-0.00248	-0.00108
7.32507	-0.00247	-0.00246	-0.05909	-0.00238	-0.00132
7.33607	-0.0031	-0.0023	-0.05955	-0.00223	-0.00163
7.34707	-0.00393	-0.0021	-0.05625	-0.00206	-0.00197
7.35807	-0.00484	-0.00189	-0.05041	-0.00188	-0.0023
7.36907	-0.00562	-0.0017	-0.04361	-0.00174	-0.00255
7.37907	-0.00607	-0.00156	-0.03717	-0.00163	-0.00269
7.39007	-0.00611	-0.00147	-0.03189	-0.00157	-0.00271
7.40107	-0.00581	-0.00141	-0.02803	-0.00152	-0.00265
7.41207	-0.00541	-0.00134	-0.02566	-0.00144	-0.00258
7.42307	-0.0053	-0.00126	-0.02488	-0.00135	-0.0026
7.43307	-0.00584	-0.00117	-0.02597	-0.00125	-0.00277
7.44407	-0.0073	-0.00114	-0.0291	-0.0012	-0.00315
7.45507	-0.00967	-0.00121	-0.03406	-0.00128	-0.00371
7.46607	-0.01266	-0.00145	-0.04	-0.00152	-0.00437
7.47707	-0.01567	-0.00189	-0.04549	-0.00198	-0.005
7.48707	-0.01802	-0.00251	-0.04898	-0.00262	-0.00545
7.49807	-0.01912	-0.00326	-0.04936	-0.00338	-0.00563
7.50907	-0.01874	-0.00404	-0.04637	-0.00418	-0.00555
7.52007	-0.01708	-0.00476	-0.04073	-0.00489	-0.00532
7.53007	-0.01471	-0.00534	-0.03373	-0.00545	-0.00513
7.54107	-0.01235	-0.00574	-0.02682	-0.00581	-0.00517
7.55207	-0.01057	-0.00597	-0.02111	-0.00599	-0.00557
7.56307	-0.0097	-0.00607	-0.01722	-0.00605	-0.00632
7.57407	-0.00967	-0.00611	-0.01524	-0.00605	-0.00727
7.58407	-0.01018	-0.00613	-0.01502	-0.00603	-0.00819
7.59507	-0.01078	-0.00611	-0.01626	-0.00601	-0.00878
7.60607	-0.01108	-0.00604	-0.01858	-0.00595	-0.00885
7.61707	-0.01086	-0.00585	-0.02148	-0.00578	-0.00831
7.62807	-0.01011	-0.00552	-0.0243	-0.00547	-0.00729
7.63807	-0.00903	-0.00505	-0.02626	-0.00502	-0.00598
7.64907	-0.00783	-0.0045	-0.02671	-0.00449	-0.00464
7.66007	-0.00672	-0.00391	-0.02536	-0.00392	-0.00348
7.67107	-0.00574	-0.00335	-0.0224	-0.00337	-0.00258
7.68207	-0.00488	-0.00284	-0.0184	-0.00287	-0.00194
7.69207	-0.00406	-0.00236	-0.01411	-0.00241	-0.00149
7.70307	-0.00324	-0.00192	-0.01016	-0.00197	-0.00116
7.71407	-0.00244	-0.00149	-0.00692	-0.00155	-8.9E-4
7.72507	-0.00171	-0.0011	-0.0045	-0.00115	-6.6E-4
7.73507	-0.00111	-7.6E-4	-0.0028	-8.1E-4	-4.6E-4
7.74607	-6.6E-4	-4.9E-4	-0.00167	-5.3E-4	-3E-4
7.75707	-3.6E-4	-2.9E-4	-9.6E-4	-3.2E-4	-1.8E-4
7.76807	-1.8E-4	-1.6E-4	-5.2E-4	-1.8E-4	-1E-4
7.77907	-8E-5	-8E-5	-2.6E-4	-9E-5	-5E-5
7.78907	-3E-5	-4E-5	-1.3E-4	-4E-5	-2E-5
7.80007	-1E-5	-2E-5	-6E-5	-2E-5	-1E-5
7.81107	0	-1E-5	-2E-5	-1E-5	0
7.82207	0	0	-1E-5	0	0
7.83307	0	0	0	0	0
7.84307	0	0	0	0	0
7.85407	0	0	0	0	0
7.86507	0	0	0	0	0
7.87607	0	0	0	0	0
7.88707	0	0	0	0	0
7.89707	0	0	0	0	0
7.90807	0	0	0	0	0
7.91907	0	0	0	0	0
7.93007	0	0	0	0	0
7.94007	0	0	0	0	0
7.95107	0	0	0	0	0
7.96207	0	0	0	0	0
7.97307	0	0	0	0	0
7.98407	0	0	0	0	0
7.99407	0	0	0	0	0
8.00507	0	0	0	0	0
8.01607	0	0	0	0	0
8.02707	0	0	0	0	0
8.03807	0	0	0	0	0
8.04807	0	0	0	0	0
8.05907	0	0	0	0	0
8.07007	0	0	0	0	0
8.08107	0	0	0	0	0
8.09207	0	0	0	0	0
8.10207	0	0	0	0	0
8.11307	0	0	0	0	0
8.12407	0	0	0	0	0
8.13507	0	0	0	0	0
8.14507	0	0	0	0	0
8.15607	0	0	0	0	0
8.16707	0	0	0	0	0
8.17807	0	0	0	0	0
8.18907	0	0	0	0	0
8.19907	0	0	0	0	0
8.21007	0	0	0	0	0
8.22107	0	0	0	0	0
8.23207	0	0	0	0	0
8.24307	0	0	0	0	0
8.25307	0	0	0	0	0
8.26407	0	0	0	0	0
8.27507	0	0	0	0	0
8.28607	0	0	0	0	0
8.29707	0	0	0	0	0
8.30707	0	0	0	0	0
8.31807	0	0	0	0	0
8.32907	0	0	0	0	0
8.34007	0	0	0	0	0
8.35007	0	0	0	0	0
8.36107	0	0	0	0	0
8.37207	0	0	0	0	0
8.38307	0	0	0	0	0
8.39407	0	0	0	0	0
8.40407	0	0	0	0	0
8.41507	0	0	0	0	0
8.42607	0	0	0	0	0
8.43707	0	0	0	0	0
8.44807	0	0	0	0	0
8.45807	0	0	0	0	0
8.46907	0	0	0	0	0
8.48007	0	0	0	0	0
8.49107	0	0	0	0	0
8.50207	0	0	0	0	0
8.51207	0	0	0	0	0
8.52307	0	0	0	0	0
8.53407	0	0	0	0	0
8.54507	0	0	0	0	0
8.55507	0	0	0	0	0
8.56607	0	0	0	0	0
8.57707	0	0	0	0	0
8.58807	0	0	0	0	0
8.59907	0	0	0	0	0
8.60907	0	0	0	0	0
8.62007	0	0	0	0	0
8.63107	0	0	0	0	0
8.64207	0	0	0	0	0
8.65307	0	0	0	0	0
8.66307	0	0	0	0	0
8.67407	0	0	0	0	0
8.68507	0	0	0	0	0
8.69607	0	0	0	0	0
8.70607	0	0	0	0	0
8.71707	0	0	0	0	0
8.72807	0	0	0	0	0
8.73907	0	0	0	0	0
8.75007	0	0	0	0	0
8.76007	0	0	0	0	0
8.77107	0	0	0	0	0
8.78207	0	0	0	0	0
8.79307	0	0	0	0	0
8.80407	0	0	0	0	0
8.81407	0	0	0	0	0
8.82507	0	0	0	0	0
8.83607	0	0	0	0	0
8.84707	0	0	0	0	0
8.85807	0	0	0	0	0
8.86807	0	0	0	0	0
8.87907	0	0	0	0	0
8.89007	0	0	0	0	0
8.90107	0	0	0	0	0
8.91107	0	0	0	0	0
8.92207	0	0	0	0	0
8.93307	0	0	0	0	0
8.94407	0	0	0	0	0
8.95507	0	0	0	0	0
8.96507	0	0	0	0	0
8.97607	0	0	0	0	0
8.98707	0	0	0	0	0
8.99807	0	0	0	0	0
9.00907	0	0	0	0	0
9.01907	0	0	0	0	0
9.03007	0	0	0	0	0
9.04107	0	0	0	0	0
9.05207	0	0	0	0	0
9.06307	0	0	0	0	0
9.07307	0	0	0	0	0
9.08407	0	0	0	0	0
9.09507	0	0	0	0	0
9.10607	0	0	0	0	0
9.11607	0	0	0	0	0
9.12707	0	0	0	0	0
9.13807	0	0	0	0	0
9.14907	0	0	0	0	0
9.16007	0	0	0	0	0
9.17007	0	0	0	0	0
9.18107	0	0	0	0	0